productId,brand,name,condition,specSummary,specs,highlights,description,warranty,completeness,defects,createdAt,variantId,color,colorHex,storage,price,strikePrice,stock,SKU_Induk,Warna,Image_Count,Image_URLs,Link_Produk
poco-x8-pro,POCO,POCO X8 Pro,baru,"8GB/256GB · Flagship Dimensity 8500-Ultra · Baterai 6500 mAh (typ) dengan 100W HyperCharge · Layar AMOLED 1,5K 120Hz yang ultra-terang","[{""group"": ""Dapur Pacu"", ""items"": [{""label"": ""RAM"", ""value"": ""8GB""}, {""label"": ""Penyimpanan"", ""value"": ""256GB""}]}, {""group"": ""Lainnya"", ""items"": [{""label"": ""Unggulan"", ""value"": ""Flagship Dimensity 8500-Ultra""}, {""label"": ""Unggulan"", ""value"": ""Baterai 6500 mAh (typ) dengan 100W HyperCharge""}, {""label"": ""Unggulan"", ""value"": ""Layar AMOLED 1,5K 120Hz yang ultra-terang""}]}]","[{""icon"": ""star"", ""label"": ""Unggulan"", ""value"": ""Flagship Dimensity 8500-Ultra""}, {""icon"": ""star"", ""label"": ""Unggulan"", ""value"": ""Baterai 6500 mAh (typ) dengan 100W HyperCharge""}, {""icon"": ""star"", ""label"": ""Unggulan"", ""value"": ""Layar AMOLED 1,5K 120Hz yang ultra-terang""}]",,Garansi Resmi,Fullset,[],2026-07-10T11:14:59.740Z,poco-x8-pro-yellow-8gb256gb,Yellow,#FFFF00,8GB+256GB,5799000,,ready,31759,Yellow,9,"https://i02.appmifile.com/63_item_id/26/06/2026/db807092fb450f55c2f77deac597de8e.png, https://i02.appmifile.com/309_item_id/26/06/2026/d477b314a1bddec893f1fb8e3f8812a0.png, https://i02.appmifile.com/413_item_id/26/06/2026/d322ea7ae1b53e785ee3530f470e4430.png, https://i02.appmifile.com/253_item_id/26/06/2026/b9a7c491f8389dcb8a3c2848d07c6a4b.png, https://i02.appmifile.com/434_item_id/26/06/2026/7f381ab0b7a7be4027adccec662381a0.png, https://i02.appmifile.com/795_item_id/26/06/2026/93e2b78b9addf0da57e41cf2d270449f.png, https://i02.appmifile.com/436_item_id/26/06/2026/148158838819b9007e9e1e3a97f7cee0.png, https://i02.appmifile.com/223_item_id/26/06/2026/b8157926a3b3f18c02b1731dfc69353d.png, https://i02.appmifile.com/891_item_id/10/03/2026/0146a655d299f92eb5981f7f53eeeaec.png",https://www.mi.co.id/id/product/poco-x8-pro/
poco-x8-pro,POCO,POCO X8 Pro,baru,"8GB/256GB · Flagship Dimensity 8500-Ultra · Baterai 6500 mAh (typ) dengan 100W HyperCharge · Layar AMOLED 1,5K 120Hz yang ultra-terang","[{""group"": ""Dapur Pacu"", ""items"": [{""label"": ""RAM"", ""value"": ""8GB""}, {""label"": ""Penyimpanan"", ""value"": ""256GB""}]}, {""group"": ""Lainnya"", ""items"": [{""label"": ""Unggulan"", ""value"": ""Flagship Dimensity 8500-Ultra""}, {""label"": ""Unggulan"", ""value"": ""Baterai 6500 mAh (typ) dengan 100W HyperCharge""}, {""label"": ""Unggulan"", ""value"": ""Layar AMOLED 1,5K 120Hz yang ultra-terang""}]}]","[{""icon"": ""star"", ""label"": ""Unggulan"", ""value"": ""Flagship Dimensity 8500-Ultra""}, {""icon"": ""star"", ""label"": ""Unggulan"", ""value"": ""Baterai 6500 mAh (typ) dengan 100W HyperCharge""}, {""icon"": ""star"", ""label"": ""Unggulan"", ""value"": ""Layar AMOLED 1,5K 120Hz yang ultra-terang""}]",,Garansi Resmi,Fullset,[],2026-07-10T11:14:59.740Z,poco-x8-pro-black-8gb256gb,Black,#000000,8GB+256GB,5799000,,ready,31759,Black,9,"https://i02.appmifile.com/128_item_id/10/03/2026/27b3246161f4b2690619a03c7db2cf4d.png, https://i02.appmifile.com/115_item_id/10/03/2026/20412f20222be6a72aaa1bd3f684b477.png, https://i02.appmifile.com/101_item_id/10/03/2026/12798b426d22da62c9be61bff3b8b14c.png, https://i02.appmifile.com/987_item_id/10/03/2026/5b9b62cec73d29687288430340491d96.png, https://i02.appmifile.com/867_item_id/10/03/2026/5521088b03773b8e9057fd3f0becb4f1.png, https://i02.appmifile.com/710_item_id/10/03/2026/b0b2084f7a2e3a905ae107fe5f9b54c6.png, https://i02.appmifile.com/273_item_id/10/03/2026/1ab3034f3f1a24859dc5d8e6c79c889a.png, https://i02.appmifile.com/795_item_id/10/03/2026/399de8276b09571dc0bdcadd34b6544b.png, https://i02.appmifile.com/891_item_id/10/03/2026/0146a655d299f92eb5981f7f53eeeaec.png",https://www.mi.co.id/id/product/poco-x8-pro/
poco-x8-pro,POCO,POCO X8 Pro,baru,"8GB/256GB · Flagship Dimensity 8500-Ultra · Baterai 6500 mAh (typ) dengan 100W HyperCharge · Layar AMOLED 1,5K 120Hz yang ultra-terang","[{""group"": ""Dapur Pacu"", ""items"": [{""label"": ""RAM"", ""value"": ""8GB""}, {""label"": ""Penyimpanan"", ""value"": ""256GB""}]}, {""group"": ""Lainnya"", ""items"": [{""label"": ""Unggulan"", ""value"": ""Flagship Dimensity 8500-Ultra""}, {""label"": ""Unggulan"", ""value"": ""Baterai 6500 mAh (typ) dengan 100W HyperCharge""}, {""label"": ""Unggulan"", ""value"": ""Layar AMOLED 1,5K 120Hz yang ultra-terang""}]}]","[{""icon"": ""star"", ""label"": ""Unggulan"", ""value"": ""Flagship Dimensity 8500-Ultra""}, {""icon"": ""star"", ""label"": ""Unggulan"", ""value"": ""Baterai 6500 mAh (typ) dengan 100W HyperCharge""}, {""icon"": ""star"", ""label"": ""Unggulan"", ""value"": ""Layar AMOLED 1,5K 120Hz yang ultra-terang""}]",,Garansi Resmi,Fullset,[],2026-07-10T11:14:59.740Z,poco-x8-pro-white-8gb256gb,White,#FFFFFF,8GB+256GB,5799000,,ready,31759,White,9,"https://i02.appmifile.com/801_item_id/10/03/2026/48cab4dc69eb4aa02ab2dc71a853f1f7.png, https://i02.appmifile.com/377_item_id/10/03/2026/273201bdbfa9ea2a851c8f803779cd6c.png, https://i02.appmifile.com/156_item_id/10/03/2026/b7be6113824f6742494575561735a87a.png, https://i02.appmifile.com/72_item_id/10/03/2026/5529957ce667ee37a5b4d570237a43be.png, https://i02.appmifile.com/260_item_id/10/03/2026/1e8b124d6c648d8f4e7cac5cffa6231d.png, https://i02.appmifile.com/192_item_id/10/03/2026/01afcc3871932499ebfa352849f5598c.png, https://i02.appmifile.com/459_item_id/10/03/2026/cbad1e36955734dd3de000297fda0603.png, https://i02.appmifile.com/867_item_id/10/03/2026/0ce6f47431bedd64330dd3328a02965e.png, https://i02.appmifile.com/891_item_id/10/03/2026/0146a655d299f92eb5981f7f53eeeaec.png",https://www.mi.co.id/id/product/poco-x8-pro/
poco-x8-pro,POCO,POCO X8 Pro,baru,"8GB/512GB · Flagship Dimensity 8500-Ultra · Baterai 6500 mAh (typ) dengan 100W HyperCharge · Layar AMOLED 1,5K 120Hz yang ultra-terang","[{""group"": ""Dapur Pacu"", ""items"": [{""label"": ""RAM"", ""value"": ""8GB""}, {""label"": ""Penyimpanan"", ""value"": ""512GB""}]}, {""group"": ""Lainnya"", ""items"": [{""label"": ""Unggulan"", ""value"": ""Flagship Dimensity 8500-Ultra""}, {""label"": ""Unggulan"", ""value"": ""Baterai 6500 mAh (typ) dengan 100W HyperCharge""}, {""label"": ""Unggulan"", ""value"": ""Layar AMOLED 1,5K 120Hz yang ultra-terang""}]}]","[{""icon"": ""star"", ""label"": ""Unggulan"", ""value"": ""Flagship Dimensity 8500-Ultra""}, {""icon"": ""star"", ""label"": ""Unggulan"", ""value"": ""Baterai 6500 mAh (typ) dengan 100W HyperCharge""}, {""icon"": ""star"", ""label"": ""Unggulan"", ""value"": ""Layar AMOLED 1,5K 120Hz yang ultra-terang""}]",,Garansi Resmi,Fullset,[],2026-07-10T11:14:59.740Z,poco-x8-pro-black-8gb512gb,Black,#000000,8GB+512GB,6199000,,ready,31759,Black,9,"https://i02.appmifile.com/128_item_id/10/03/2026/27b3246161f4b2690619a03c7db2cf4d.png, https://i02.appmifile.com/115_item_id/10/03/2026/20412f20222be6a72aaa1bd3f684b477.png, https://i02.appmifile.com/101_item_id/10/03/2026/12798b426d22da62c9be61bff3b8b14c.png, https://i02.appmifile.com/987_item_id/10/03/2026/5b9b62cec73d29687288430340491d96.png, https://i02.appmifile.com/867_item_id/10/03/2026/5521088b03773b8e9057fd3f0becb4f1.png, https://i02.appmifile.com/710_item_id/10/03/2026/b0b2084f7a2e3a905ae107fe5f9b54c6.png, https://i02.appmifile.com/273_item_id/10/03/2026/1ab3034f3f1a24859dc5d8e6c79c889a.png, https://i02.appmifile.com/795_item_id/10/03/2026/399de8276b09571dc0bdcadd34b6544b.png, https://i02.appmifile.com/891_item_id/10/03/2026/0146a655d299f92eb5981f7f53eeeaec.png",https://www.mi.co.id/id/product/poco-x8-pro/
poco-x8-pro,POCO,POCO X8 Pro,baru,"12GB/512GB · Flagship Dimensity 8500-Ultra · Baterai 6500 mAh (typ) dengan 100W HyperCharge · Layar AMOLED 1,5K 120Hz yang ultra-terang","[{""group"": ""Dapur Pacu"", ""items"": [{""label"": ""RAM"", ""value"": ""12GB""}, {""label"": ""Penyimpanan"", ""value"": ""512GB""}]}, {""group"": ""Lainnya"", ""items"": [{""label"": ""Unggulan"", ""value"": ""Flagship Dimensity 8500-Ultra""}, {""label"": ""Unggulan"", ""value"": ""Baterai 6500 mAh (typ) dengan 100W HyperCharge""}, {""label"": ""Unggulan"", ""value"": ""Layar AMOLED 1,5K 120Hz yang ultra-terang""}]}]","[{""icon"": ""star"", ""label"": ""Unggulan"", ""value"": ""Flagship Dimensity 8500-Ultra""}, {""icon"": ""star"", ""label"": ""Unggulan"", ""value"": ""Baterai 6500 mAh (typ) dengan 100W HyperCharge""}, {""icon"": ""star"", ""label"": ""Unggulan"", ""value"": ""Layar AMOLED 1,5K 120Hz yang ultra-terang""}]",,Garansi Resmi,Fullset,[],2026-07-10T11:14:59.740Z,poco-x8-pro-yellow-12gb512gb,Yellow,#FFFF00,12GB+512GB,6599000,,ready,31759,Yellow,9,"https://i02.appmifile.com/63_item_id/26/06/2026/db807092fb450f55c2f77deac597de8e.png, https://i02.appmifile.com/309_item_id/26/06/2026/d477b314a1bddec893f1fb8e3f8812a0.png, https://i02.appmifile.com/413_item_id/26/06/2026/d322ea7ae1b53e785ee3530f470e4430.png, https://i02.appmifile.com/253_item_id/26/06/2026/b9a7c491f8389dcb8a3c2848d07c6a4b.png, https://i02.appmifile.com/434_item_id/26/06/2026/7f381ab0b7a7be4027adccec662381a0.png, https://i02.appmifile.com/795_item_id/26/06/2026/93e2b78b9addf0da57e41cf2d270449f.png, https://i02.appmifile.com/436_item_id/26/06/2026/148158838819b9007e9e1e3a97f7cee0.png, https://i02.appmifile.com/223_item_id/26/06/2026/b8157926a3b3f18c02b1731dfc69353d.png, https://i02.appmifile.com/891_item_id/10/03/2026/0146a655d299f92eb5981f7f53eeeaec.png",https://www.mi.co.id/id/product/poco-x8-pro/
poco-x8-pro,POCO,POCO X8 Pro,baru,"12GB/512GB · Flagship Dimensity 8500-Ultra · Baterai 6500 mAh (typ) dengan 100W HyperCharge · Layar AMOLED 1,5K 120Hz yang ultra-terang","[{""group"": ""Dapur Pacu"", ""items"": [{""label"": ""RAM"", ""value"": ""12GB""}, {""label"": ""Penyimpanan"", ""value"": ""512GB""}]}, {""group"": ""Lainnya"", ""items"": [{""label"": ""Unggulan"", ""value"": ""Flagship Dimensity 8500-Ultra""}, {""label"": ""Unggulan"", ""value"": ""Baterai 6500 mAh (typ) dengan 100W HyperCharge""}, {""label"": ""Unggulan"", ""value"": ""Layar AMOLED 1,5K 120Hz yang ultra-terang""}]}]","[{""icon"": ""star"", ""label"": ""Unggulan"", ""value"": ""Flagship Dimensity 8500-Ultra""}, {""icon"": ""star"", ""label"": ""Unggulan"", ""value"": ""Baterai 6500 mAh (typ) dengan 100W HyperCharge""}, {""icon"": ""star"", ""label"": ""Unggulan"", ""value"": ""Layar AMOLED 1,5K 120Hz yang ultra-terang""}]",,Garansi Resmi,Fullset,[],2026-07-10T11:14:59.740Z,poco-x8-pro-black-12gb512gb,Black,#000000,12GB+512GB,6599000,,ready,31759,Black,9,"https://i02.appmifile.com/128_item_id/10/03/2026/27b3246161f4b2690619a03c7db2cf4d.png, https://i02.appmifile.com/115_item_id/10/03/2026/20412f20222be6a72aaa1bd3f684b477.png, https://i02.appmifile.com/101_item_id/10/03/2026/12798b426d22da62c9be61bff3b8b14c.png, https://i02.appmifile.com/987_item_id/10/03/2026/5b9b62cec73d29687288430340491d96.png, https://i02.appmifile.com/867_item_id/10/03/2026/5521088b03773b8e9057fd3f0becb4f1.png, https://i02.appmifile.com/710_item_id/10/03/2026/b0b2084f7a2e3a905ae107fe5f9b54c6.png, https://i02.appmifile.com/273_item_id/10/03/2026/1ab3034f3f1a24859dc5d8e6c79c889a.png, https://i02.appmifile.com/795_item_id/10/03/2026/399de8276b09571dc0bdcadd34b6544b.png, https://i02.appmifile.com/891_item_id/10/03/2026/0146a655d299f92eb5981f7f53eeeaec.png",https://www.mi.co.id/id/product/poco-x8-pro/
poco-x8-pro,POCO,POCO X8 Pro,baru,"12GB/512GB · Flagship Dimensity 8500-Ultra · Baterai 6500 mAh (typ) dengan 100W HyperCharge · Layar AMOLED 1,5K 120Hz yang ultra-terang","[{""group"": ""Dapur Pacu"", ""items"": [{""label"": ""RAM"", ""value"": ""12GB""}, {""label"": ""Penyimpanan"", ""value"": ""512GB""}]}, {""group"": ""Lainnya"", ""items"": [{""label"": ""Unggulan"", ""value"": ""Flagship Dimensity 8500-Ultra""}, {""label"": ""Unggulan"", ""value"": ""Baterai 6500 mAh (typ) dengan 100W HyperCharge""}, {""label"": ""Unggulan"", ""value"": ""Layar AMOLED 1,5K 120Hz yang ultra-terang""}]}]","[{""icon"": ""star"", ""label"": ""Unggulan"", ""value"": ""Flagship Dimensity 8500-Ultra""}, {""icon"": ""star"", ""label"": ""Unggulan"", ""value"": ""Baterai 6500 mAh (typ) dengan 100W HyperCharge""}, {""icon"": ""star"", ""label"": ""Unggulan"", ""value"": ""Layar AMOLED 1,5K 120Hz yang ultra-terang""}]",,Garansi Resmi,Fullset,[],2026-07-10T11:14:59.740Z,poco-x8-pro-white-12gb512gb,White,#FFFFFF,12GB+512GB,6599000,,ready,31759,White,9,"https://i02.appmifile.com/801_item_id/10/03/2026/48cab4dc69eb4aa02ab2dc71a853f1f7.png, https://i02.appmifile.com/377_item_id/10/03/2026/273201bdbfa9ea2a851c8f803779cd6c.png, https://i02.appmifile.com/156_item_id/10/03/2026/b7be6113824f6742494575561735a87a.png, https://i02.appmifile.com/72_item_id/10/03/2026/5529957ce667ee37a5b4d570237a43be.png, https://i02.appmifile.com/260_item_id/10/03/2026/1e8b124d6c648d8f4e7cac5cffa6231d.png, https://i02.appmifile.com/192_item_id/10/03/2026/01afcc3871932499ebfa352849f5598c.png, https://i02.appmifile.com/459_item_id/10/03/2026/cbad1e36955734dd3de000297fda0603.png, https://i02.appmifile.com/867_item_id/10/03/2026/0ce6f47431bedd64330dd3328a02965e.png, https://i02.appmifile.com/891_item_id/10/03/2026/0146a655d299f92eb5981f7f53eeeaec.png",https://www.mi.co.id/id/product/poco-x8-pro/
poco-x8-pro,POCO,POCO X8 Pro,baru,"12GB/512GB · Flagship Dimensity 8500-Ultra · Baterai 6500 mAh (typ) dengan 100W HyperCharge · Layar AMOLED 1,5K 120Hz yang ultra-terang","[{""group"": ""Dapur Pacu"", ""items"": [{""label"": ""RAM"", ""value"": ""12GB""}, {""label"": ""Penyimpanan"", ""value"": ""512GB""}]}, {""group"": ""Lainnya"", ""items"": [{""label"": ""Unggulan"", ""value"": ""Flagship Dimensity 8500-Ultra""}, {""label"": ""Unggulan"", ""value"": ""Baterai 6500 mAh (typ) dengan 100W HyperCharge""}, {""label"": ""Unggulan"", ""value"": ""Layar AMOLED 1,5K 120Hz yang ultra-terang""}]}]","[{""icon"": ""star"", ""label"": ""Unggulan"", ""value"": ""Flagship Dimensity 8500-Ultra""}, {""icon"": ""star"", ""label"": ""Unggulan"", ""value"": ""Baterai 6500 mAh (typ) dengan 100W HyperCharge""}, {""icon"": ""star"", ""label"": ""Unggulan"", ""value"": ""Layar AMOLED 1,5K 120Hz yang ultra-terang""}]",,Garansi Resmi,Fullset,[],2026-07-10T11:14:59.740Z,poco-x8-pro-green-12gb512gb,Green,#cceeee,12GB+512GB,6599000,,ready,31759,Green,9,"https://i02.appmifile.com/790_item_id/10/03/2026/34892141d2e93403c519441804672a90.png, https://i02.appmifile.com/975_item_id/10/03/2026/6821701a4947a7e6351aba352340c890.png, https://i02.appmifile.com/452_item_id/10/03/2026/e2b394fc6b2be5094f204faa2ee59b46.png, https://i02.appmifile.com/381_item_id/10/03/2026/3a30fafb29d067dd82aa06191dd032ce.png, https://i02.appmifile.com/699_item_id/10/03/2026/f6036b6184463675956b688b61392730.png, https://i02.appmifile.com/634_item_id/10/03/2026/fb3042ebbd72f4927eb591ba4251d6cc.png, https://i02.appmifile.com/182_item_id/10/03/2026/cba29c2ccb555e7220d57a736f0dbc7b.png, https://i02.appmifile.com/645_item_id/10/03/2026/ffa0de5ff8526abd96c186020d2d3de3.png, https://i02.appmifile.com/891_item_id/10/03/2026/0146a655d299f92eb5981f7f53eeeaec.png",https://www.mi.co.id/id/product/poco-x8-pro/
poco-x8-pro,POCO,POCO X8 Pro,baru,"12GB/512GB · Flagship Dimensity 8500-Ultra · Baterai 6500 mAh (typ) dengan 100W HyperCharge · Layar AMOLED 1,5K 120Hz yang ultra-terang","[{""group"": ""Dapur Pacu"", ""items"": [{""label"": ""RAM"", ""value"": ""12GB""}, {""label"": ""Penyimpanan"", ""value"": ""512GB""}]}, {""group"": ""Lainnya"", ""items"": [{""label"": ""Unggulan"", ""value"": ""Flagship Dimensity 8500-Ultra""}, {""label"": ""Unggulan"", ""value"": ""Baterai 6500 mAh (typ) dengan 100W HyperCharge""}, {""label"": ""Unggulan"", ""value"": ""Layar AMOLED 1,5K 120Hz yang ultra-terang""}]}]","[{""icon"": ""star"", ""label"": ""Unggulan"", ""value"": ""Flagship Dimensity 8500-Ultra""}, {""icon"": ""star"", ""label"": ""Unggulan"", ""value"": ""Baterai 6500 mAh (typ) dengan 100W HyperCharge""}, {""icon"": ""star"", ""label"": ""Unggulan"", ""value"": ""Layar AMOLED 1,5K 120Hz yang ultra-terang""}]",,Garansi Resmi,Fullset,[],2026-07-10T11:14:59.740Z,poco-x8-pro-iron-man-edition-gold-12gb512gb,Iron Man Edition Gold,#d3b86e,12GB+512GB,6999000,,ready,31759,Iron Man Edition Gold,9,"https://i02.appmifile.com/651_item_id/10/03/2026/685965c48190ccb3190f4274af501e68.png, https://i02.appmifile.com/921_item_id/10/03/2026/2b807ab636600631815341ed9ea27079.png, https://i02.appmifile.com/68_item_id/10/03/2026/0a67aa1c829fd93c75686170005c26b0.png, https://i02.appmifile.com/555_item_id/10/03/2026/c7dfcbc27aa5fa51c7e7dd01604b7158.png, https://i02.appmifile.com/213_item_id/10/03/2026/062596342a1e307cf25bc99d12c79c03.png, https://i02.appmifile.com/844_item_id/10/03/2026/0ed389dc99b724e516bb7f003d3a4d52.png, https://i02.appmifile.com/999_item_id/10/03/2026/929f8b7532fa017794877f4b8082ad3e.png, https://i02.appmifile.com/633_item_id/10/03/2026/bc127292f5a23e045120225dd1a947ca.png, https://i02.appmifile.com/891_item_id/10/03/2026/0146a655d299f92eb5981f7f53eeeaec.png",https://www.mi.co.id/id/product/poco-x8-pro/
poco-x8-pro,POCO,POCO X8 Pro,baru,"8GB/256GB · Flagship Dimensity 8500-Ultra · Baterai 6500 mAh (typ) dengan 100W HyperCharge · Layar AMOLED 1,5K 120Hz yang ultra-terang","[{""group"": ""Dapur Pacu"", ""items"": [{""label"": ""RAM"", ""value"": ""8GB""}, {""label"": ""Penyimpanan"", ""value"": ""256GB""}]}, {""group"": ""Lainnya"", ""items"": [{""label"": ""Unggulan"", ""value"": ""Flagship Dimensity 8500-Ultra""}, {""label"": ""Unggulan"", ""value"": ""Baterai 6500 mAh (typ) dengan 100W HyperCharge""}, {""label"": ""Unggulan"", ""value"": ""Layar AMOLED 1,5K 120Hz yang ultra-terang""}]}]","[{""icon"": ""star"", ""label"": ""Unggulan"", ""value"": ""Flagship Dimensity 8500-Ultra""}, {""icon"": ""star"", ""label"": ""Unggulan"", ""value"": ""Baterai 6500 mAh (typ) dengan 100W HyperCharge""}, {""icon"": ""star"", ""label"": ""Unggulan"", ""value"": ""Layar AMOLED 1,5K 120Hz yang ultra-terang""}]",,Garansi Resmi,Fullset,[],2026-07-10T11:14:59.740Z,poco-x8-pro-green-8gb256gb,Green,#cceeee,8GB+256GB,5799000,,habis,31759,Green,9,"https://i02.appmifile.com/790_item_id/10/03/2026/34892141d2e93403c519441804672a90.png, https://i02.appmifile.com/975_item_id/10/03/2026/6821701a4947a7e6351aba352340c890.png, https://i02.appmifile.com/452_item_id/10/03/2026/e2b394fc6b2be5094f204faa2ee59b46.png, https://i02.appmifile.com/381_item_id/10/03/2026/3a30fafb29d067dd82aa06191dd032ce.png, https://i02.appmifile.com/699_item_id/10/03/2026/f6036b6184463675956b688b61392730.png, https://i02.appmifile.com/634_item_id/10/03/2026/fb3042ebbd72f4927eb591ba4251d6cc.png, https://i02.appmifile.com/182_item_id/10/03/2026/cba29c2ccb555e7220d57a736f0dbc7b.png, https://i02.appmifile.com/645_item_id/10/03/2026/ffa0de5ff8526abd96c186020d2d3de3.png, https://i02.appmifile.com/891_item_id/10/03/2026/0146a655d299f92eb5981f7f53eeeaec.png",https://www.mi.co.id/id/product/poco-x8-pro/
poco-x8-pro,POCO,POCO X8 Pro,baru,"8GB/512GB · Flagship Dimensity 8500-Ultra · Baterai 6500 mAh (typ) dengan 100W HyperCharge · Layar AMOLED 1,5K 120Hz yang ultra-terang","[{""group"": ""Dapur Pacu"", ""items"": [{""label"": ""RAM"", ""value"": ""8GB""}, {""label"": ""Penyimpanan"", ""value"": ""512GB""}]}, {""group"": ""Lainnya"", ""items"": [{""label"": ""Unggulan"", ""value"": ""Flagship Dimensity 8500-Ultra""}, {""label"": ""Unggulan"", ""value"": ""Baterai 6500 mAh (typ) dengan 100W HyperCharge""}, {""label"": ""Unggulan"", ""value"": ""Layar AMOLED 1,5K 120Hz yang ultra-terang""}]}]","[{""icon"": ""star"", ""label"": ""Unggulan"", ""value"": ""Flagship Dimensity 8500-Ultra""}, {""icon"": ""star"", ""label"": ""Unggulan"", ""value"": ""Baterai 6500 mAh (typ) dengan 100W HyperCharge""}, {""icon"": ""star"", ""label"": ""Unggulan"", ""value"": ""Layar AMOLED 1,5K 120Hz yang ultra-terang""}]",,Garansi Resmi,Fullset,[],2026-07-10T11:14:59.740Z,poco-x8-pro-white-8gb512gb,White,#FFFFFF,8GB+512GB,6199000,,habis,31759,White,9,"https://i02.appmifile.com/801_item_id/10/03/2026/48cab4dc69eb4aa02ab2dc71a853f1f7.png, https://i02.appmifile.com/377_item_id/10/03/2026/273201bdbfa9ea2a851c8f803779cd6c.png, https://i02.appmifile.com/156_item_id/10/03/2026/b7be6113824f6742494575561735a87a.png, https://i02.appmifile.com/72_item_id/10/03/2026/5529957ce667ee37a5b4d570237a43be.png, https://i02.appmifile.com/260_item_id/10/03/2026/1e8b124d6c648d8f4e7cac5cffa6231d.png, https://i02.appmifile.com/192_item_id/10/03/2026/01afcc3871932499ebfa352849f5598c.png, https://i02.appmifile.com/459_item_id/10/03/2026/cbad1e36955734dd3de000297fda0603.png, https://i02.appmifile.com/867_item_id/10/03/2026/0ce6f47431bedd64330dd3328a02965e.png, https://i02.appmifile.com/891_item_id/10/03/2026/0146a655d299f92eb5981f7f53eeeaec.png",https://www.mi.co.id/id/product/poco-x8-pro/
poco-x8-pro,POCO,POCO X8 Pro,baru,"8GB/512GB · Flagship Dimensity 8500-Ultra · Baterai 6500 mAh (typ) dengan 100W HyperCharge · Layar AMOLED 1,5K 120Hz yang ultra-terang","[{""group"": ""Dapur Pacu"", ""items"": [{""label"": ""RAM"", ""value"": ""8GB""}, {""label"": ""Penyimpanan"", ""value"": ""512GB""}]}, {""group"": ""Lainnya"", ""items"": [{""label"": ""Unggulan"", ""value"": ""Flagship Dimensity 8500-Ultra""}, {""label"": ""Unggulan"", ""value"": ""Baterai 6500 mAh (typ) dengan 100W HyperCharge""}, {""label"": ""Unggulan"", ""value"": ""Layar AMOLED 1,5K 120Hz yang ultra-terang""}]}]","[{""icon"": ""star"", ""label"": ""Unggulan"", ""value"": ""Flagship Dimensity 8500-Ultra""}, {""icon"": ""star"", ""label"": ""Unggulan"", ""value"": ""Baterai 6500 mAh (typ) dengan 100W HyperCharge""}, {""icon"": ""star"", ""label"": ""Unggulan"", ""value"": ""Layar AMOLED 1,5K 120Hz yang ultra-terang""}]",,Garansi Resmi,Fullset,[],2026-07-10T11:14:59.740Z,poco-x8-pro-green-8gb512gb,Green,#cceeee,8GB+512GB,6199000,,habis,31759,Green,9,"https://i02.appmifile.com/790_item_id/10/03/2026/34892141d2e93403c519441804672a90.png, https://i02.appmifile.com/975_item_id/10/03/2026/6821701a4947a7e6351aba352340c890.png, https://i02.appmifile.com/452_item_id/10/03/2026/e2b394fc6b2be5094f204faa2ee59b46.png, https://i02.appmifile.com/381_item_id/10/03/2026/3a30fafb29d067dd82aa06191dd032ce.png, https://i02.appmifile.com/699_item_id/10/03/2026/f6036b6184463675956b688b61392730.png, https://i02.appmifile.com/634_item_id/10/03/2026/fb3042ebbd72f4927eb591ba4251d6cc.png, https://i02.appmifile.com/182_item_id/10/03/2026/cba29c2ccb555e7220d57a736f0dbc7b.png, https://i02.appmifile.com/645_item_id/10/03/2026/ffa0de5ff8526abd96c186020d2d3de3.png, https://i02.appmifile.com/891_item_id/10/03/2026/0146a655d299f92eb5981f7f53eeeaec.png",https://www.mi.co.id/id/product/poco-x8-pro/
poco-x8-pro-max,POCO,POCO X8 Pro Max,baru,12GB/256GB · Flagship Dimensity 9500s · Kualitas Flagship dengan nuansa premium · Baterai 8500 mAh (typ) dengan 100 W HyperCharge,"[{""group"": ""Dapur Pacu"", ""items"": [{""label"": ""RAM"", ""value"": ""12GB""}, {""label"": ""Penyimpanan"", ""value"": ""256GB""}]}, {""group"": ""Lainnya"", ""items"": [{""label"": ""Unggulan"", ""value"": ""Flagship Dimensity 9500s""}, {""label"": ""Unggulan"", ""value"": ""Kualitas Flagship dengan nuansa premium""}, {""label"": ""Unggulan"", ""value"": ""Baterai 8500 mAh (typ) dengan 100 W HyperCharge""}]}]","[{""icon"": ""star"", ""label"": ""Unggulan"", ""value"": ""Flagship Dimensity 9500s""}, {""icon"": ""star"", ""label"": ""Unggulan"", ""value"": ""Kualitas Flagship dengan nuansa premium""}, {""icon"": ""star"", ""label"": ""Unggulan"", ""value"": ""Baterai 8500 mAh (typ) dengan 100 W HyperCharge""}]",,Garansi Resmi,Fullset,[],2026-07-10T11:14:59.740Z,poco-x8-pro-max-black-12gb256gb,Black,#000000,12GB+256GB,7499000,,ready,31769,Black,9,"https://i02.appmifile.com/747_item_id/10/03/2026/8da1a49edf41914b2e0f97fa0b20cb82.png, https://i02.appmifile.com/247_item_id/10/03/2026/1d9013812cb7d644489f92675dc33a5e.png, https://i02.appmifile.com/738_item_id/10/03/2026/59a7218c87c28b412a1b35b634185ffc.png, https://i02.appmifile.com/548_item_id/10/03/2026/6fe27cba57c3ba5186631b1abaf1cf52.png, https://i02.appmifile.com/208_item_id/10/03/2026/c1f38a1da9fad4fbb837c1b53bb0dc52.png, https://i02.appmifile.com/880_item_id/10/03/2026/97855fdef52ae04efc66e9eb0e9f0755.png, https://i02.appmifile.com/389_item_id/10/03/2026/27e00b19fd42929fb3f93d0cac142453.png, https://i02.appmifile.com/656_item_id/10/03/2026/8135fab0ab764413c2b9cbea48350bcf.png, https://i02.appmifile.com/345_item_id/10/03/2026/0c3f29776bd43d038dd42bcd09c0e8b0.png",https://www.mi.co.id/id/product/poco-x8-pro-max/
poco-x8-pro-max,POCO,POCO X8 Pro Max,baru,12GB/256GB · Flagship Dimensity 9500s · Kualitas Flagship dengan nuansa premium · Baterai 8500 mAh (typ) dengan 100 W HyperCharge,"[{""group"": ""Dapur Pacu"", ""items"": [{""label"": ""RAM"", ""value"": ""12GB""}, {""label"": ""Penyimpanan"", ""value"": ""256GB""}]}, {""group"": ""Lainnya"", ""items"": [{""label"": ""Unggulan"", ""value"": ""Flagship Dimensity 9500s""}, {""label"": ""Unggulan"", ""value"": ""Kualitas Flagship dengan nuansa premium""}, {""label"": ""Unggulan"", ""value"": ""Baterai 8500 mAh (typ) dengan 100 W HyperCharge""}]}]","[{""icon"": ""star"", ""label"": ""Unggulan"", ""value"": ""Flagship Dimensity 9500s""}, {""icon"": ""star"", ""label"": ""Unggulan"", ""value"": ""Kualitas Flagship dengan nuansa premium""}, {""icon"": ""star"", ""label"": ""Unggulan"", ""value"": ""Baterai 8500 mAh (typ) dengan 100 W HyperCharge""}]",,Garansi Resmi,Fullset,[],2026-07-10T11:14:59.740Z,poco-x8-pro-max-white-12gb256gb,White,#FFFFFF,12GB+256GB,7499000,,ready,31769,White,9,"https://i02.appmifile.com/44_item_id/10/03/2026/edee72c640aa561065213398a4483855.png, https://i02.appmifile.com/381_item_id/10/03/2026/5115dcaf15dad1dd3c3ac404c1582120.png, https://i02.appmifile.com/190_item_id/10/03/2026/3c82a8aa4aaa7b2330a8524e94966726.png, https://i02.appmifile.com/554_item_id/10/03/2026/7ed2bc747a76db14623f4b0b572d6269.png, https://i02.appmifile.com/97_item_id/10/03/2026/bd43c11773837b0c5c8be0d62418ef50.png, https://i02.appmifile.com/193_item_id/10/03/2026/5212f85f79c2ffd12a2e5e90a2114ad2.png, https://i02.appmifile.com/851_item_id/10/03/2026/fa23b82c87697117fe1ff9d55e5b4649.png, https://i02.appmifile.com/386_item_id/10/03/2026/3bb5fc54a8ef5a90b165c4fa5acde34c.png, https://i02.appmifile.com/345_item_id/10/03/2026/0c3f29776bd43d038dd42bcd09c0e8b0.png",https://www.mi.co.id/id/product/poco-x8-pro-max/
poco-x8-pro-max,POCO,POCO X8 Pro Max,baru,12GB/256GB · Flagship Dimensity 9500s · Kualitas Flagship dengan nuansa premium · Baterai 8500 mAh (typ) dengan 100 W HyperCharge,"[{""group"": ""Dapur Pacu"", ""items"": [{""label"": ""RAM"", ""value"": ""12GB""}, {""label"": ""Penyimpanan"", ""value"": ""256GB""}]}, {""group"": ""Lainnya"", ""items"": [{""label"": ""Unggulan"", ""value"": ""Flagship Dimensity 9500s""}, {""label"": ""Unggulan"", ""value"": ""Kualitas Flagship dengan nuansa premium""}, {""label"": ""Unggulan"", ""value"": ""Baterai 8500 mAh (typ) dengan 100 W HyperCharge""}]}]","[{""icon"": ""star"", ""label"": ""Unggulan"", ""value"": ""Flagship Dimensity 9500s""}, {""icon"": ""star"", ""label"": ""Unggulan"", ""value"": ""Kualitas Flagship dengan nuansa premium""}, {""icon"": ""star"", ""label"": ""Unggulan"", ""value"": ""Baterai 8500 mAh (typ) dengan 100 W HyperCharge""}]",,Garansi Resmi,Fullset,[],2026-07-10T11:14:59.740Z,poco-x8-pro-max-blue-12gb256gb,Blue,#ccf0f2,12GB+256GB,7499000,,ready,31769,Blue,9,"https://i02.appmifile.com/739_item_id/10/03/2026/a883a6bfd0b6f4cfcc8658d10a0cebea.png, https://i02.appmifile.com/913_item_id/10/03/2026/24052267f3c36581806e5df5e6f69022.png, https://i02.appmifile.com/394_item_id/10/03/2026/5c9e711127d5d0ae7b1f96899d059e7a.png, https://i02.appmifile.com/396_item_id/10/03/2026/fa868127199746d58ffa8fd5ab1bc6e9.png, https://i02.appmifile.com/193_item_id/10/03/2026/ebd1e7a5eec4146d1899228c3d631c3c.png, https://i02.appmifile.com/767_item_id/10/03/2026/d4b9130a83c9d31c6ab5f59d984385d0.png, https://i02.appmifile.com/408_item_id/10/03/2026/c4df0229d7bc2f781596bc170067a634.png, https://i02.appmifile.com/357_item_id/10/03/2026/329afe943fc771e9d87570ed670fe24d.png, https://i02.appmifile.com/345_item_id/10/03/2026/0c3f29776bd43d038dd42bcd09c0e8b0.png",https://www.mi.co.id/id/product/poco-x8-pro-max/
poco-x8-pro-max,POCO,POCO X8 Pro Max,baru,12GB/512GB · Flagship Dimensity 9500s · Kualitas Flagship dengan nuansa premium · Baterai 8500 mAh (typ) dengan 100 W HyperCharge,"[{""group"": ""Dapur Pacu"", ""items"": [{""label"": ""RAM"", ""value"": ""12GB""}, {""label"": ""Penyimpanan"", ""value"": ""512GB""}]}, {""group"": ""Lainnya"", ""items"": [{""label"": ""Unggulan"", ""value"": ""Flagship Dimensity 9500s""}, {""label"": ""Unggulan"", ""value"": ""Kualitas Flagship dengan nuansa premium""}, {""label"": ""Unggulan"", ""value"": ""Baterai 8500 mAh (typ) dengan 100 W HyperCharge""}]}]","[{""icon"": ""star"", ""label"": ""Unggulan"", ""value"": ""Flagship Dimensity 9500s""}, {""icon"": ""star"", ""label"": ""Unggulan"", ""value"": ""Kualitas Flagship dengan nuansa premium""}, {""icon"": ""star"", ""label"": ""Unggulan"", ""value"": ""Baterai 8500 mAh (typ) dengan 100 W HyperCharge""}]",,Garansi Resmi,Fullset,[],2026-07-10T11:14:59.740Z,poco-x8-pro-max-black-12gb512gb,Black,#000000,12GB+512GB,7999000,,ready,31769,Black,9,"https://i02.appmifile.com/747_item_id/10/03/2026/8da1a49edf41914b2e0f97fa0b20cb82.png, https://i02.appmifile.com/247_item_id/10/03/2026/1d9013812cb7d644489f92675dc33a5e.png, https://i02.appmifile.com/738_item_id/10/03/2026/59a7218c87c28b412a1b35b634185ffc.png, https://i02.appmifile.com/548_item_id/10/03/2026/6fe27cba57c3ba5186631b1abaf1cf52.png, https://i02.appmifile.com/208_item_id/10/03/2026/c1f38a1da9fad4fbb837c1b53bb0dc52.png, https://i02.appmifile.com/880_item_id/10/03/2026/97855fdef52ae04efc66e9eb0e9f0755.png, https://i02.appmifile.com/389_item_id/10/03/2026/27e00b19fd42929fb3f93d0cac142453.png, https://i02.appmifile.com/656_item_id/10/03/2026/8135fab0ab764413c2b9cbea48350bcf.png, https://i02.appmifile.com/345_item_id/10/03/2026/0c3f29776bd43d038dd42bcd09c0e8b0.png",https://www.mi.co.id/id/product/poco-x8-pro-max/
poco-x8-pro-max,POCO,POCO X8 Pro Max,baru,12GB/512GB · Flagship Dimensity 9500s · Kualitas Flagship dengan nuansa premium · Baterai 8500 mAh (typ) dengan 100 W HyperCharge,"[{""group"": ""Dapur Pacu"", ""items"": [{""label"": ""RAM"", ""value"": ""12GB""}, {""label"": ""Penyimpanan"", ""value"": ""512GB""}]}, {""group"": ""Lainnya"", ""items"": [{""label"": ""Unggulan"", ""value"": ""Flagship Dimensity 9500s""}, {""label"": ""Unggulan"", ""value"": ""Kualitas Flagship dengan nuansa premium""}, {""label"": ""Unggulan"", ""value"": ""Baterai 8500 mAh (typ) dengan 100 W HyperCharge""}]}]","[{""icon"": ""star"", ""label"": ""Unggulan"", ""value"": ""Flagship Dimensity 9500s""}, {""icon"": ""star"", ""label"": ""Unggulan"", ""value"": ""Kualitas Flagship dengan nuansa premium""}, {""icon"": ""star"", ""label"": ""Unggulan"", ""value"": ""Baterai 8500 mAh (typ) dengan 100 W HyperCharge""}]",,Garansi Resmi,Fullset,[],2026-07-10T11:14:59.740Z,poco-x8-pro-max-white-12gb512gb,White,#FFFFFF,12GB+512GB,7999000,,ready,31769,White,9,"https://i02.appmifile.com/44_item_id/10/03/2026/edee72c640aa561065213398a4483855.png, https://i02.appmifile.com/381_item_id/10/03/2026/5115dcaf15dad1dd3c3ac404c1582120.png, https://i02.appmifile.com/190_item_id/10/03/2026/3c82a8aa4aaa7b2330a8524e94966726.png, https://i02.appmifile.com/554_item_id/10/03/2026/7ed2bc747a76db14623f4b0b572d6269.png, https://i02.appmifile.com/97_item_id/10/03/2026/bd43c11773837b0c5c8be0d62418ef50.png, https://i02.appmifile.com/193_item_id/10/03/2026/5212f85f79c2ffd12a2e5e90a2114ad2.png, https://i02.appmifile.com/851_item_id/10/03/2026/fa23b82c87697117fe1ff9d55e5b4649.png, https://i02.appmifile.com/386_item_id/10/03/2026/3bb5fc54a8ef5a90b165c4fa5acde34c.png, https://i02.appmifile.com/345_item_id/10/03/2026/0c3f29776bd43d038dd42bcd09c0e8b0.png",https://www.mi.co.id/id/product/poco-x8-pro-max/
poco-x8-pro-max,POCO,POCO X8 Pro Max,baru,12GB/512GB · Flagship Dimensity 9500s · Kualitas Flagship dengan nuansa premium · Baterai 8500 mAh (typ) dengan 100 W HyperCharge,"[{""group"": ""Dapur Pacu"", ""items"": [{""label"": ""RAM"", ""value"": ""12GB""}, {""label"": ""Penyimpanan"", ""value"": ""512GB""}]}, {""group"": ""Lainnya"", ""items"": [{""label"": ""Unggulan"", ""value"": ""Flagship Dimensity 9500s""}, {""label"": ""Unggulan"", ""value"": ""Kualitas Flagship dengan nuansa premium""}, {""label"": ""Unggulan"", ""value"": ""Baterai 8500 mAh (typ) dengan 100 W HyperCharge""}]}]","[{""icon"": ""star"", ""label"": ""Unggulan"", ""value"": ""Flagship Dimensity 9500s""}, {""icon"": ""star"", ""label"": ""Unggulan"", ""value"": ""Kualitas Flagship dengan nuansa premium""}, {""icon"": ""star"", ""label"": ""Unggulan"", ""value"": ""Baterai 8500 mAh (typ) dengan 100 W HyperCharge""}]",,Garansi Resmi,Fullset,[],2026-07-10T11:14:59.740Z,poco-x8-pro-max-blue-12gb512gb,Blue,#ccf0f2,12GB+512GB,7999000,,ready,31769,Blue,9,"https://i02.appmifile.com/739_item_id/10/03/2026/a883a6bfd0b6f4cfcc8658d10a0cebea.png, https://i02.appmifile.com/913_item_id/10/03/2026/24052267f3c36581806e5df5e6f69022.png, https://i02.appmifile.com/394_item_id/10/03/2026/5c9e711127d5d0ae7b1f96899d059e7a.png, https://i02.appmifile.com/396_item_id/10/03/2026/fa868127199746d58ffa8fd5ab1bc6e9.png, https://i02.appmifile.com/193_item_id/10/03/2026/ebd1e7a5eec4146d1899228c3d631c3c.png, https://i02.appmifile.com/767_item_id/10/03/2026/d4b9130a83c9d31c6ab5f59d984385d0.png, https://i02.appmifile.com/408_item_id/10/03/2026/c4df0229d7bc2f781596bc170067a634.png, https://i02.appmifile.com/357_item_id/10/03/2026/329afe943fc771e9d87570ed670fe24d.png, https://i02.appmifile.com/345_item_id/10/03/2026/0c3f29776bd43d038dd42bcd09c0e8b0.png",https://www.mi.co.id/id/product/poco-x8-pro-max/
poco-f8-pro,POCO,POCO F8 Pro,baru,"12GB/512GB · Snapdragon® 8 Elite · 6210mAh (typ) dengan 100W Hypercharge · 6.59"" 120HZ layar AMOLED ultra-jernih","[{""group"": ""Dapur Pacu"", ""items"": [{""label"": ""RAM"", ""value"": ""12GB""}, {""label"": ""Penyimpanan"", ""value"": ""512GB""}]}, {""group"": ""Lainnya"", ""items"": [{""label"": ""Unggulan"", ""value"": ""Snapdragon® 8 Elite""}, {""label"": ""Unggulan"", ""value"": ""6210mAh (typ) dengan 100W Hypercharge""}, {""label"": ""Unggulan"", ""value"": ""6.59\"" 120HZ layar AMOLED ultra-jernih""}]}]","[{""icon"": ""star"", ""label"": ""Unggulan"", ""value"": ""Snapdragon® 8 Elite""}, {""icon"": ""star"", ""label"": ""Unggulan"", ""value"": ""6210mAh (typ) dengan 100W Hypercharge""}, {""icon"": ""star"", ""label"": ""Unggulan"", ""value"": ""6.59\"" 120HZ layar AMOLED ultra-jernih""}]",,Garansi Resmi,Fullset,[],2026-07-10T11:14:59.740Z,poco-f8-pro-black-12gb512gb,Black,#000000,12GB+512GB,9999000,,ready,30319,Black,7,"https://i02.appmifile.com/845_item_id/05/01/2026/421a1fe36b8e79725022bd4f67381a9e.png, https://i02.appmifile.com/721_item_id/05/01/2026/7276417e8b6cf732c40634e868b5078f.png, https://i02.appmifile.com/315_item_id/05/01/2026/9ce9789cb4fc747c3303ea0ea05a0bbc.png, https://i02.appmifile.com/925_item_id/05/01/2026/4909cd9e240f7a7ff88db60780169dfe.png, https://i02.appmifile.com/548_item_id/05/01/2026/c91ff25c3fbb349f4d933173507a1dd6.png, https://i02.appmifile.com/277_item_id/05/01/2026/5958307d22115d69c774600e37a39303.png, https://i02.appmifile.com/381_item_id/05/01/2026/beb230cad29e65049025057e5d548e75.png",https://www.mi.co.id/id/product/poco-f8-pro/
poco-f8-pro,POCO,POCO F8 Pro,baru,"12GB/512GB · Snapdragon® 8 Elite · 6210mAh (typ) dengan 100W Hypercharge · 6.59"" 120HZ layar AMOLED ultra-jernih","[{""group"": ""Dapur Pacu"", ""items"": [{""label"": ""RAM"", ""value"": ""12GB""}, {""label"": ""Penyimpanan"", ""value"": ""512GB""}]}, {""group"": ""Lainnya"", ""items"": [{""label"": ""Unggulan"", ""value"": ""Snapdragon® 8 Elite""}, {""label"": ""Unggulan"", ""value"": ""6210mAh (typ) dengan 100W Hypercharge""}, {""label"": ""Unggulan"", ""value"": ""6.59\"" 120HZ layar AMOLED ultra-jernih""}]}]","[{""icon"": ""star"", ""label"": ""Unggulan"", ""value"": ""Snapdragon® 8 Elite""}, {""icon"": ""star"", ""label"": ""Unggulan"", ""value"": ""6210mAh (typ) dengan 100W Hypercharge""}, {""icon"": ""star"", ""label"": ""Unggulan"", ""value"": ""6.59\"" 120HZ layar AMOLED ultra-jernih""}]",,Garansi Resmi,Fullset,[],2026-07-10T11:14:59.740Z,poco-f8-pro-blue-12gb512gb,Blue,#ccf0f2,12GB+512GB,9999000,,ready,30319,Blue,7,"https://i02.appmifile.com/723_item_id/05/01/2026/ebbed9f2017a4871150b917ead048597.png, https://i02.appmifile.com/208_item_id/05/01/2026/dafa53d616320186bb50f4f763a12997.png, https://i02.appmifile.com/567_item_id/05/01/2026/131102692a709ed7e55a0186f5d8f101.png, https://i02.appmifile.com/950_item_id/05/01/2026/2f157c88961d28eb507fc7f3d68470a3.png, https://i02.appmifile.com/260_item_id/05/01/2026/1ef443aa406edf6ebab84cd7d3bbf451.png, https://i02.appmifile.com/317_item_id/05/01/2026/f3741e39b23d2fad54d1077aed96d238.png, https://i02.appmifile.com/381_item_id/05/01/2026/beb230cad29e65049025057e5d548e75.png",https://www.mi.co.id/id/product/poco-f8-pro/
poco-f8-pro,POCO,POCO F8 Pro,baru,"12GB/512GB · Snapdragon® 8 Elite · 6210mAh (typ) dengan 100W Hypercharge · 6.59"" 120HZ layar AMOLED ultra-jernih","[{""group"": ""Dapur Pacu"", ""items"": [{""label"": ""RAM"", ""value"": ""12GB""}, {""label"": ""Penyimpanan"", ""value"": ""512GB""}]}, {""group"": ""Lainnya"", ""items"": [{""label"": ""Unggulan"", ""value"": ""Snapdragon® 8 Elite""}, {""label"": ""Unggulan"", ""value"": ""6210mAh (typ) dengan 100W Hypercharge""}, {""label"": ""Unggulan"", ""value"": ""6.59\"" 120HZ layar AMOLED ultra-jernih""}]}]","[{""icon"": ""star"", ""label"": ""Unggulan"", ""value"": ""Snapdragon® 8 Elite""}, {""icon"": ""star"", ""label"": ""Unggulan"", ""value"": ""6210mAh (typ) dengan 100W Hypercharge""}, {""icon"": ""star"", ""label"": ""Unggulan"", ""value"": ""6.59\"" 120HZ layar AMOLED ultra-jernih""}]",,Garansi Resmi,Fullset,[],2026-07-10T11:14:59.740Z,poco-f8-pro-titanium-silver-12gb512gb,Titanium Silver,#c5c5c3,12GB+512GB,9999000,,ready,30319,Titanium Silver,7,"https://i02.appmifile.com/770_item_id/05/01/2026/49a635d096d38d7e631f9f1befe33f81.png, https://i02.appmifile.com/438_item_id/05/01/2026/5b548401177729c03e372013aea7820f.png, https://i02.appmifile.com/25_item_id/05/01/2026/5cadb78b3f0737f5c62604f9710ecb58.png, https://i02.appmifile.com/27_item_id/05/01/2026/851f4ff9edbb03f13d3f0d9dad6311e7.png, https://i02.appmifile.com/524_item_id/05/01/2026/840d9164307f3e94c1d65242c14b0ebd.png, https://i02.appmifile.com/79_item_id/05/01/2026/784e10e1c09e1fc5068fe1ab9b696e87.png, https://i02.appmifile.com/381_item_id/05/01/2026/beb230cad29e65049025057e5d548e75.png",https://www.mi.co.id/id/product/poco-f8-pro/
poco-m7,POCO,POCO M7,baru,"8GB/256GB · Baterai besar 7000mAh dengan pengisian daya 33W · Layar imersif 6.9"" 144Hz · Ekspansi Ram hingga 16 GB","[{""group"": ""Dapur Pacu"", ""items"": [{""label"": ""RAM"", ""value"": ""8GB""}, {""label"": ""Penyimpanan"", ""value"": ""256GB""}]}, {""group"": ""Lainnya"", ""items"": [{""label"": ""Unggulan"", ""value"": ""Baterai besar 7000mAh dengan pengisian daya 33W""}, {""label"": ""Unggulan"", ""value"": ""Layar imersif 6.9\"" 144Hz""}, {""label"": ""Unggulan"", ""value"": ""Ekspansi Ram hingga 16 GB""}]}]","[{""icon"": ""star"", ""label"": ""Unggulan"", ""value"": ""Baterai besar 7000mAh dengan pengisian daya 33W""}, {""icon"": ""star"", ""label"": ""Unggulan"", ""value"": ""Layar imersif 6.9\"" 144Hz""}, {""icon"": ""star"", ""label"": ""Unggulan"", ""value"": ""Ekspansi Ram hingga 16 GB""}]",,Garansi Resmi,Fullset,[],2026-07-10T11:14:59.740Z,poco-m7-silver-8gb256gb,Silver,#c7cacf,8GB+256GB,2749000,,ready,28398,Silver,7,"https://i02.appmifile.com/512_item_id/23/09/2025/f124aea4dd14025b5c784d2688d85092.png, https://i02.appmifile.com/884_item_id/23/09/2025/c7e3601e2c87c528c38815437cc297a6.png, https://i02.appmifile.com/449_item_id/23/09/2025/dd3193e4a8c25022ae5ee6e9c58c54ba.png, https://i02.appmifile.com/151_item_id/23/09/2025/67808f96e4374a695eebc6edbde64ea0.png, https://i02.appmifile.com/592_item_id/23/09/2025/96a6edd67baf1b3e9f42f89dd7fb0c2d.png, https://i02.appmifile.com/709_item_id/23/09/2025/4cb255e4202a7174eea22a70476e7593.png, https://i02.appmifile.com/561_item_id/23/09/2025/cf18bf192b4d3044f03b43ee6c1b857a.jpg",https://www.mi.co.id/id/product/poco-m7/
poco-m7,POCO,POCO M7,baru,"8GB/256GB · Baterai besar 7000mAh dengan pengisian daya 33W · Layar imersif 6.9"" 144Hz · Ekspansi Ram hingga 16 GB","[{""group"": ""Dapur Pacu"", ""items"": [{""label"": ""RAM"", ""value"": ""8GB""}, {""label"": ""Penyimpanan"", ""value"": ""256GB""}]}, {""group"": ""Lainnya"", ""items"": [{""label"": ""Unggulan"", ""value"": ""Baterai besar 7000mAh dengan pengisian daya 33W""}, {""label"": ""Unggulan"", ""value"": ""Layar imersif 6.9\"" 144Hz""}, {""label"": ""Unggulan"", ""value"": ""Ekspansi Ram hingga 16 GB""}]}]","[{""icon"": ""star"", ""label"": ""Unggulan"", ""value"": ""Baterai besar 7000mAh dengan pengisian daya 33W""}, {""icon"": ""star"", ""label"": ""Unggulan"", ""value"": ""Layar imersif 6.9\"" 144Hz""}, {""icon"": ""star"", ""label"": ""Unggulan"", ""value"": ""Ekspansi Ram hingga 16 GB""}]",,Garansi Resmi,Fullset,[],2026-07-10T11:14:59.740Z,poco-m7-black-8gb256gb,Black,#000000,8GB+256GB,2749000,,ready,28398,Black,7,"https://i02.appmifile.com/824_item_id/23/09/2025/37a6ba42d947120ea3f93bab9db5f837.png, https://i02.appmifile.com/231_item_id/23/09/2025/7b5b849bba4004f0a07a1be59bdb6020.png, https://i02.appmifile.com/689_item_id/23/09/2025/f5dd2b464d6d01845210e495b737f7a4.png, https://i02.appmifile.com/369_item_id/23/09/2025/4040172fe1d63b70a443e8024c59d8c5.png, https://i02.appmifile.com/55_item_id/23/09/2025/d439a6bc4efe341b75742dc875ffde00.png, https://i02.appmifile.com/427_item_id/23/09/2025/e0e61492c141a7c24ee666472fc959f9.png, https://i02.appmifile.com/561_item_id/23/09/2025/cf18bf192b4d3044f03b43ee6c1b857a.jpg",https://www.mi.co.id/id/product/poco-m7/
poco-m7,POCO,POCO M7,baru,"8GB/256GB · Baterai besar 7000mAh dengan pengisian daya 33W · Layar imersif 6.9"" 144Hz · Ekspansi Ram hingga 16 GB","[{""group"": ""Dapur Pacu"", ""items"": [{""label"": ""RAM"", ""value"": ""8GB""}, {""label"": ""Penyimpanan"", ""value"": ""256GB""}]}, {""group"": ""Lainnya"", ""items"": [{""label"": ""Unggulan"", ""value"": ""Baterai besar 7000mAh dengan pengisian daya 33W""}, {""label"": ""Unggulan"", ""value"": ""Layar imersif 6.9\"" 144Hz""}, {""label"": ""Unggulan"", ""value"": ""Ekspansi Ram hingga 16 GB""}]}]","[{""icon"": ""star"", ""label"": ""Unggulan"", ""value"": ""Baterai besar 7000mAh dengan pengisian daya 33W""}, {""icon"": ""star"", ""label"": ""Unggulan"", ""value"": ""Layar imersif 6.9\"" 144Hz""}, {""icon"": ""star"", ""label"": ""Unggulan"", ""value"": ""Ekspansi Ram hingga 16 GB""}]",,Garansi Resmi,Fullset,[],2026-07-10T11:14:59.740Z,poco-m7-blue-8gb256gb,Blue,#b5cfd2,8GB+256GB,2749000,,ready,28398,Blue,7,"https://i02.appmifile.com/141_item_id/23/09/2025/9104098800747a216e1a9ea1c4a5794f.png, https://i02.appmifile.com/28_item_id/23/09/2025/69b71730b7a046c17fe4cdbd44e99e2b.png, https://i02.appmifile.com/661_item_id/23/09/2025/6b6348509ce7ff8720de9304a78c3db0.jpg, https://i02.appmifile.com/934_item_id/23/09/2025/8045d3001079e22726d05bb26c2bc7e7.png, https://i02.appmifile.com/511_item_id/23/09/2025/d79f455f977c0ad5aa2c3768251daf44.png, https://i02.appmifile.com/171_item_id/23/09/2025/27e4d71f962b6e605432f96825888263.png, https://i02.appmifile.com/561_item_id/23/09/2025/cf18bf192b4d3044f03b43ee6c1b857a.jpg",https://www.mi.co.id/id/product/poco-m7/
poco-c81-pro,POCO,POCO C81 Pro,baru,"4GB/64GB · Layar 6,9"" yang imersif · Baterai Jumbo 6.000 mAh (standar) · Prosesor kuat octa-core","[{""group"": ""Dapur Pacu"", ""items"": [{""label"": ""RAM"", ""value"": ""4GB""}, {""label"": ""Penyimpanan"", ""value"": ""64GB""}]}, {""group"": ""Lainnya"", ""items"": [{""label"": ""Unggulan"", ""value"": ""Layar 6,9\"" yang imersif""}, {""label"": ""Unggulan"", ""value"": ""Baterai Jumbo 6.000 mAh (standar)""}, {""label"": ""Unggulan"", ""value"": ""Prosesor kuat octa-core""}]}]","[{""icon"": ""star"", ""label"": ""Unggulan"", ""value"": ""Layar 6,9\"" yang imersif""}, {""icon"": ""star"", ""label"": ""Unggulan"", ""value"": ""Baterai Jumbo 6.000 mAh (standar)""}, {""icon"": ""star"", ""label"": ""Unggulan"", ""value"": ""Prosesor kuat octa-core""}]",,Garansi Resmi,Fullset,[],2026-07-10T11:14:59.740Z,poco-c81-pro-black-4gb64gb,Black,#000000,4GB+64GB,1749000,1849000,ready,32670,Black,8,"https://i02.appmifile.com/944_item_id/21/04/2026/ffbd69b82749a0e0bb090b351996b3bb.png, https://i02.appmifile.com/945_item_id/21/04/2026/11910c5c96fae0efa9a87e75aa0b758f.png, https://i02.appmifile.com/2_item_id/21/04/2026/99503ff41248d49c1db1de8412b05660.png, https://i02.appmifile.com/918_item_id/21/04/2026/0ae9a8d7b701541073de38babe855ae9.png, https://i02.appmifile.com/170_item_id/21/04/2026/5b461542e71d0322413af3263eebada4.png, https://i02.appmifile.com/507_item_id/21/04/2026/d1553d597896d349be75d93a6c1be802.png, https://i02.appmifile.com/837_item_id/21/04/2026/7d96de1546cc7d42c9ca5364b32ccdd7.png, https://i02.appmifile.com/213_item_id/21/04/2026/7619d02d468db46f5ba08af9ec08fa90.png",https://www.mi.co.id/id/product/poco-c81-pro/
poco-c81-pro,POCO,POCO C81 Pro,baru,"4GB/64GB · Layar 6,9"" yang imersif · Baterai Jumbo 6.000 mAh (standar) · Prosesor kuat octa-core","[{""group"": ""Dapur Pacu"", ""items"": [{""label"": ""RAM"", ""value"": ""4GB""}, {""label"": ""Penyimpanan"", ""value"": ""64GB""}]}, {""group"": ""Lainnya"", ""items"": [{""label"": ""Unggulan"", ""value"": ""Layar 6,9\"" yang imersif""}, {""label"": ""Unggulan"", ""value"": ""Baterai Jumbo 6.000 mAh (standar)""}, {""label"": ""Unggulan"", ""value"": ""Prosesor kuat octa-core""}]}]","[{""icon"": ""star"", ""label"": ""Unggulan"", ""value"": ""Layar 6,9\"" yang imersif""}, {""icon"": ""star"", ""label"": ""Unggulan"", ""value"": ""Baterai Jumbo 6.000 mAh (standar)""}, {""icon"": ""star"", ""label"": ""Unggulan"", ""value"": ""Prosesor kuat octa-core""}]",,Garansi Resmi,Fullset,[],2026-07-10T11:14:59.740Z,poco-c81-pro-gold-4gb64gb,Gold,#F9DA9D,4GB+64GB,1749000,1849000,ready,32670,Gold,8,"https://i02.appmifile.com/510_item_id/21/04/2026/b9bec2972646568390d1f6eccad5a311.png, https://i02.appmifile.com/747_item_id/21/04/2026/89ef520be15d6e49bb8f49310a36f228.png, https://i02.appmifile.com/402_item_id/21/04/2026/afa4394a938da3e637fcd03f4ae6fea9.png, https://i02.appmifile.com/321_item_id/21/04/2026/a93f8ef7e5786a6c64a3abb83ba86f61.png, https://i02.appmifile.com/372_item_id/21/04/2026/809226b0095f2e8d167beb7979427c21.png, https://i02.appmifile.com/1_item_id/21/04/2026/607837fa9c7fd33d92c7fb21bc2e8648.png, https://i02.appmifile.com/32_item_id/21/04/2026/927d6d89fd8fbb8d26dfd37b99c1d8f9.png, https://i02.appmifile.com/213_item_id/21/04/2026/7619d02d468db46f5ba08af9ec08fa90.png",https://www.mi.co.id/id/product/poco-c81-pro/
poco-c81-pro,POCO,POCO C81 Pro,baru,"4GB/128GB · Layar 6,9"" yang imersif · Baterai Jumbo 6.000 mAh (standar) · Prosesor kuat octa-core","[{""group"": ""Dapur Pacu"", ""items"": [{""label"": ""RAM"", ""value"": ""4GB""}, {""label"": ""Penyimpanan"", ""value"": ""128GB""}]}, {""group"": ""Lainnya"", ""items"": [{""label"": ""Unggulan"", ""value"": ""Layar 6,9\"" yang imersif""}, {""label"": ""Unggulan"", ""value"": ""Baterai Jumbo 6.000 mAh (standar)""}, {""label"": ""Unggulan"", ""value"": ""Prosesor kuat octa-core""}]}]","[{""icon"": ""star"", ""label"": ""Unggulan"", ""value"": ""Layar 6,9\"" yang imersif""}, {""icon"": ""star"", ""label"": ""Unggulan"", ""value"": ""Baterai Jumbo 6.000 mAh (standar)""}, {""icon"": ""star"", ""label"": ""Unggulan"", ""value"": ""Prosesor kuat octa-core""}]",,Garansi Resmi,Fullset,[],2026-07-10T11:14:59.740Z,poco-c81-pro-green-4gb128gb,Green,#9bbec3,4GB+128GB,1899000,1999000,ready,32670,Green,8,"https://i02.appmifile.com/728_item_id/21/04/2026/6139f5a26e4422b07bde6ed8f572ff9d.png, https://i02.appmifile.com/382_item_id/21/04/2026/293896ebd7b3c9ae70ccc964e82db808.png, https://i02.appmifile.com/140_item_id/21/04/2026/a7e4ad25f17cf5407902bcfbd0f3d867.png, https://i02.appmifile.com/291_item_id/21/04/2026/1ec7486c51ec34c03c8de7f637d39809.png, https://i02.appmifile.com/660_item_id/21/04/2026/c3692afadf74a61b685991802fb1f04e.png, https://i02.appmifile.com/246_item_id/21/04/2026/2210f0b4a507e09d781e04b518c0c198.png, https://i02.appmifile.com/507_item_id/21/04/2026/ff76049a449de040dd06ca3f17518ceb.png, https://i02.appmifile.com/213_item_id/21/04/2026/7619d02d468db46f5ba08af9ec08fa90.png",https://www.mi.co.id/id/product/poco-c81-pro/
poco-c81-pro,POCO,POCO C81 Pro,baru,"4GB/128GB · Layar 6,9"" yang imersif · Baterai Jumbo 6.000 mAh (standar) · Prosesor kuat octa-core","[{""group"": ""Dapur Pacu"", ""items"": [{""label"": ""RAM"", ""value"": ""4GB""}, {""label"": ""Penyimpanan"", ""value"": ""128GB""}]}, {""group"": ""Lainnya"", ""items"": [{""label"": ""Unggulan"", ""value"": ""Layar 6,9\"" yang imersif""}, {""label"": ""Unggulan"", ""value"": ""Baterai Jumbo 6.000 mAh (standar)""}, {""label"": ""Unggulan"", ""value"": ""Prosesor kuat octa-core""}]}]","[{""icon"": ""star"", ""label"": ""Unggulan"", ""value"": ""Layar 6,9\"" yang imersif""}, {""icon"": ""star"", ""label"": ""Unggulan"", ""value"": ""Baterai Jumbo 6.000 mAh (standar)""}, {""icon"": ""star"", ""label"": ""Unggulan"", ""value"": ""Prosesor kuat octa-core""}]",,Garansi Resmi,Fullset,[],2026-07-10T11:14:59.740Z,poco-c81-pro-black-4gb128gb,Black,#000000,4GB+128GB,1899000,1999000,ready,32670,Black,8,"https://i02.appmifile.com/944_item_id/21/04/2026/ffbd69b82749a0e0bb090b351996b3bb.png, https://i02.appmifile.com/945_item_id/21/04/2026/11910c5c96fae0efa9a87e75aa0b758f.png, https://i02.appmifile.com/2_item_id/21/04/2026/99503ff41248d49c1db1de8412b05660.png, https://i02.appmifile.com/918_item_id/21/04/2026/0ae9a8d7b701541073de38babe855ae9.png, https://i02.appmifile.com/170_item_id/21/04/2026/5b461542e71d0322413af3263eebada4.png, https://i02.appmifile.com/507_item_id/21/04/2026/d1553d597896d349be75d93a6c1be802.png, https://i02.appmifile.com/837_item_id/21/04/2026/7d96de1546cc7d42c9ca5364b32ccdd7.png, https://i02.appmifile.com/213_item_id/21/04/2026/7619d02d468db46f5ba08af9ec08fa90.png",https://www.mi.co.id/id/product/poco-c81-pro/
poco-c81-pro,POCO,POCO C81 Pro,baru,"4GB/128GB · Layar 6,9"" yang imersif · Baterai Jumbo 6.000 mAh (standar) · Prosesor kuat octa-core","[{""group"": ""Dapur Pacu"", ""items"": [{""label"": ""RAM"", ""value"": ""4GB""}, {""label"": ""Penyimpanan"", ""value"": ""128GB""}]}, {""group"": ""Lainnya"", ""items"": [{""label"": ""Unggulan"", ""value"": ""Layar 6,9\"" yang imersif""}, {""label"": ""Unggulan"", ""value"": ""Baterai Jumbo 6.000 mAh (standar)""}, {""label"": ""Unggulan"", ""value"": ""Prosesor kuat octa-core""}]}]","[{""icon"": ""star"", ""label"": ""Unggulan"", ""value"": ""Layar 6,9\"" yang imersif""}, {""icon"": ""star"", ""label"": ""Unggulan"", ""value"": ""Baterai Jumbo 6.000 mAh (standar)""}, {""icon"": ""star"", ""label"": ""Unggulan"", ""value"": ""Prosesor kuat octa-core""}]",,Garansi Resmi,Fullset,[],2026-07-10T11:14:59.740Z,poco-c81-pro-gold-4gb128gb,Gold,#F9DA9D,4GB+128GB,1899000,1999000,ready,32670,Gold,8,"https://i02.appmifile.com/510_item_id/21/04/2026/b9bec2972646568390d1f6eccad5a311.png, https://i02.appmifile.com/747_item_id/21/04/2026/89ef520be15d6e49bb8f49310a36f228.png, https://i02.appmifile.com/402_item_id/21/04/2026/afa4394a938da3e637fcd03f4ae6fea9.png, https://i02.appmifile.com/321_item_id/21/04/2026/a93f8ef7e5786a6c64a3abb83ba86f61.png, https://i02.appmifile.com/372_item_id/21/04/2026/809226b0095f2e8d167beb7979427c21.png, https://i02.appmifile.com/1_item_id/21/04/2026/607837fa9c7fd33d92c7fb21bc2e8648.png, https://i02.appmifile.com/32_item_id/21/04/2026/927d6d89fd8fbb8d26dfd37b99c1d8f9.png, https://i02.appmifile.com/213_item_id/21/04/2026/7619d02d468db46f5ba08af9ec08fa90.png",https://www.mi.co.id/id/product/poco-c81-pro/
poco-c81-pro,POCO,POCO C81 Pro,baru,"4GB/64GB · Layar 6,9"" yang imersif · Baterai Jumbo 6.000 mAh (standar) · Prosesor kuat octa-core","[{""group"": ""Dapur Pacu"", ""items"": [{""label"": ""RAM"", ""value"": ""4GB""}, {""label"": ""Penyimpanan"", ""value"": ""64GB""}]}, {""group"": ""Lainnya"", ""items"": [{""label"": ""Unggulan"", ""value"": ""Layar 6,9\"" yang imersif""}, {""label"": ""Unggulan"", ""value"": ""Baterai Jumbo 6.000 mAh (standar)""}, {""label"": ""Unggulan"", ""value"": ""Prosesor kuat octa-core""}]}]","[{""icon"": ""star"", ""label"": ""Unggulan"", ""value"": ""Layar 6,9\"" yang imersif""}, {""icon"": ""star"", ""label"": ""Unggulan"", ""value"": ""Baterai Jumbo 6.000 mAh (standar)""}, {""icon"": ""star"", ""label"": ""Unggulan"", ""value"": ""Prosesor kuat octa-core""}]",,Garansi Resmi,Fullset,[],2026-07-10T11:14:59.740Z,poco-c81-pro-green-4gb64gb,Green,#9bbec3,4GB+64GB,1749000,1849000,habis,32670,Green,8,"https://i02.appmifile.com/728_item_id/21/04/2026/6139f5a26e4422b07bde6ed8f572ff9d.png, https://i02.appmifile.com/382_item_id/21/04/2026/293896ebd7b3c9ae70ccc964e82db808.png, https://i02.appmifile.com/140_item_id/21/04/2026/a7e4ad25f17cf5407902bcfbd0f3d867.png, https://i02.appmifile.com/291_item_id/21/04/2026/1ec7486c51ec34c03c8de7f637d39809.png, https://i02.appmifile.com/660_item_id/21/04/2026/c3692afadf74a61b685991802fb1f04e.png, https://i02.appmifile.com/246_item_id/21/04/2026/2210f0b4a507e09d781e04b518c0c198.png, https://i02.appmifile.com/507_item_id/21/04/2026/ff76049a449de040dd06ca3f17518ceb.png, https://i02.appmifile.com/213_item_id/21/04/2026/7619d02d468db46f5ba08af9ec08fa90.png",https://www.mi.co.id/id/product/poco-c81-pro/
poco-c85,POCO,POCO C85,baru,"6GB/128GB · Baterai besar 6000mAh dengan pengisian cepat 33W · Layar imersif 6.9"" 120Hz · Dengan pengisian daya cepat 33 W","[{""group"": ""Dapur Pacu"", ""items"": [{""label"": ""RAM"", ""value"": ""6GB""}, {""label"": ""Penyimpanan"", ""value"": ""128GB""}]}, {""group"": ""Lainnya"", ""items"": [{""label"": ""Unggulan"", ""value"": ""Baterai besar 6000mAh dengan pengisian cepat 33W""}, {""label"": ""Unggulan"", ""value"": ""Layar imersif 6.9\"" 120Hz""}, {""label"": ""Unggulan"", ""value"": ""Dengan pengisian daya cepat 33 W""}]}]","[{""icon"": ""star"", ""label"": ""Unggulan"", ""value"": ""Baterai besar 6000mAh dengan pengisian cepat 33W""}, {""icon"": ""star"", ""label"": ""Unggulan"", ""value"": ""Layar imersif 6.9\"" 120Hz""}, {""icon"": ""star"", ""label"": ""Unggulan"", ""value"": ""Dengan pengisian daya cepat 33 W""}]",,Garansi Resmi,Fullset,[],2026-07-10T11:14:59.740Z,poco-c85-black-6gb128gb,Black,#000000,6GB+128GB,2249000,,ready,27853,Black,7,"https://i02.appmifile.com/135_item_id/01/09/2025/7b6462757c136066a8dabf1be86325b8.png, https://i02.appmifile.com/155_item_id/01/09/2025/f568fc5c442bba731d984874ba86474c.png, https://i02.appmifile.com/962_item_id/01/09/2025/11bdb34f995486bd1e59416d89c50604.png, https://i02.appmifile.com/317_item_id/01/09/2025/760308e81da9618a187b17646306fb41.png, https://i02.appmifile.com/623_item_id/01/09/2025/3b80eae8b544ec76ecb6471c4a375ae0.png, https://i02.appmifile.com/448_item_id/01/09/2025/f2542901798960f19d9b476e35f33042.png, https://i02.appmifile.com/98_item_id/01/09/2025/4f4083b352fb55b957451fb54e3e0a88.png",https://www.mi.co.id/id/product/poco-c85/
poco-c85,POCO,POCO C85,baru,"6GB/128GB · Baterai besar 6000mAh dengan pengisian cepat 33W · Layar imersif 6.9"" 120Hz · Dengan pengisian daya cepat 33 W","[{""group"": ""Dapur Pacu"", ""items"": [{""label"": ""RAM"", ""value"": ""6GB""}, {""label"": ""Penyimpanan"", ""value"": ""128GB""}]}, {""group"": ""Lainnya"", ""items"": [{""label"": ""Unggulan"", ""value"": ""Baterai besar 6000mAh dengan pengisian cepat 33W""}, {""label"": ""Unggulan"", ""value"": ""Layar imersif 6.9\"" 120Hz""}, {""label"": ""Unggulan"", ""value"": ""Dengan pengisian daya cepat 33 W""}]}]","[{""icon"": ""star"", ""label"": ""Unggulan"", ""value"": ""Baterai besar 6000mAh dengan pengisian cepat 33W""}, {""icon"": ""star"", ""label"": ""Unggulan"", ""value"": ""Layar imersif 6.9\"" 120Hz""}, {""icon"": ""star"", ""label"": ""Unggulan"", ""value"": ""Dengan pengisian daya cepat 33 W""}]",,Garansi Resmi,Fullset,[],2026-07-10T11:14:59.740Z,poco-c85-green-6gb128gb,Green,#add0d6,6GB+128GB,2249000,,ready,27853,Green,7,"https://i02.appmifile.com/803_item_id/01/09/2025/4e159fb3a71f4967a888d8a25ce50660.png, https://i02.appmifile.com/790_item_id/01/09/2025/5c59dc80ffac1e38c2436a7b9068652d.png, https://i02.appmifile.com/494_item_id/01/09/2025/e319acb9e34773e50bdade706e5ad275.png, https://i02.appmifile.com/596_item_id/01/09/2025/ac206c6ef151253c049d4a2bd36c24db.png, https://i02.appmifile.com/89_item_id/01/09/2025/89e980dec57a9d9caaa8d73c8a534857.png, https://i02.appmifile.com/800_item_id/01/09/2025/a87c07c320dfe9f1cb3a89f056a075aa.png, https://i02.appmifile.com/98_item_id/01/09/2025/4f4083b352fb55b957451fb54e3e0a88.png",https://www.mi.co.id/id/product/poco-c85/
poco-c85,POCO,POCO C85,baru,"6GB/128GB · Baterai besar 6000mAh dengan pengisian cepat 33W · Layar imersif 6.9"" 120Hz · Dengan pengisian daya cepat 33 W","[{""group"": ""Dapur Pacu"", ""items"": [{""label"": ""RAM"", ""value"": ""6GB""}, {""label"": ""Penyimpanan"", ""value"": ""128GB""}]}, {""group"": ""Lainnya"", ""items"": [{""label"": ""Unggulan"", ""value"": ""Baterai besar 6000mAh dengan pengisian cepat 33W""}, {""label"": ""Unggulan"", ""value"": ""Layar imersif 6.9\"" 120Hz""}, {""label"": ""Unggulan"", ""value"": ""Dengan pengisian daya cepat 33 W""}]}]","[{""icon"": ""star"", ""label"": ""Unggulan"", ""value"": ""Baterai besar 6000mAh dengan pengisian cepat 33W""}, {""icon"": ""star"", ""label"": ""Unggulan"", ""value"": ""Layar imersif 6.9\"" 120Hz""}, {""icon"": ""star"", ""label"": ""Unggulan"", ""value"": ""Dengan pengisian daya cepat 33 W""}]",,Garansi Resmi,Fullset,[],2026-07-10T11:14:59.740Z,poco-c85-purple-6gb128gb,Purple,#a1abda,6GB+128GB,2249000,,ready,27853,Purple,7,"https://i02.appmifile.com/250_item_id/01/09/2025/7e587c08b9d0d7badf0b4689275b59f7.png, https://i02.appmifile.com/921_item_id/01/09/2025/8d917ff33c724d21aea2f4e5ec5aca96.png, https://i02.appmifile.com/729_item_id/01/09/2025/9eff450f9fbe2f7194609d4d6619dd0d.png, https://i02.appmifile.com/916_item_id/01/09/2025/af70539a6f521c719122e7b63b824dd1.png, https://i02.appmifile.com/186_item_id/01/09/2025/227e8c63d995194a3a9083dff2b6e950.png, https://i02.appmifile.com/648_item_id/01/09/2025/f81d3cb7730d60d1341cabc90fe49bf4.png, https://i02.appmifile.com/98_item_id/01/09/2025/4f4083b352fb55b957451fb54e3e0a88.png",https://www.mi.co.id/id/product/poco-c85/
poco-c85,POCO,POCO C85,baru,"8GB/256GB · Baterai besar 6000mAh dengan pengisian cepat 33W · Layar imersif 6.9"" 120Hz · Dengan pengisian daya cepat 33 W","[{""group"": ""Dapur Pacu"", ""items"": [{""label"": ""RAM"", ""value"": ""8GB""}, {""label"": ""Penyimpanan"", ""value"": ""256GB""}]}, {""group"": ""Lainnya"", ""items"": [{""label"": ""Unggulan"", ""value"": ""Baterai besar 6000mAh dengan pengisian cepat 33W""}, {""label"": ""Unggulan"", ""value"": ""Layar imersif 6.9\"" 120Hz""}, {""label"": ""Unggulan"", ""value"": ""Dengan pengisian daya cepat 33 W""}]}]","[{""icon"": ""star"", ""label"": ""Unggulan"", ""value"": ""Baterai besar 6000mAh dengan pengisian cepat 33W""}, {""icon"": ""star"", ""label"": ""Unggulan"", ""value"": ""Layar imersif 6.9\"" 120Hz""}, {""icon"": ""star"", ""label"": ""Unggulan"", ""value"": ""Dengan pengisian daya cepat 33 W""}]",,Garansi Resmi,Fullset,[],2026-07-10T11:14:59.740Z,poco-c85-black-8gb256gb,Black,#000000,8GB+256GB,2449000,,habis,27853,Black,7,"https://i02.appmifile.com/135_item_id/01/09/2025/7b6462757c136066a8dabf1be86325b8.png, https://i02.appmifile.com/155_item_id/01/09/2025/f568fc5c442bba731d984874ba86474c.png, https://i02.appmifile.com/962_item_id/01/09/2025/11bdb34f995486bd1e59416d89c50604.png, https://i02.appmifile.com/317_item_id/01/09/2025/760308e81da9618a187b17646306fb41.png, https://i02.appmifile.com/623_item_id/01/09/2025/3b80eae8b544ec76ecb6471c4a375ae0.png, https://i02.appmifile.com/448_item_id/01/09/2025/f2542901798960f19d9b476e35f33042.png, https://i02.appmifile.com/98_item_id/01/09/2025/4f4083b352fb55b957451fb54e3e0a88.png",https://www.mi.co.id/id/product/poco-c85/
poco-c85,POCO,POCO C85,baru,"8GB/256GB · Baterai besar 6000mAh dengan pengisian cepat 33W · Layar imersif 6.9"" 120Hz · Dengan pengisian daya cepat 33 W","[{""group"": ""Dapur Pacu"", ""items"": [{""label"": ""RAM"", ""value"": ""8GB""}, {""label"": ""Penyimpanan"", ""value"": ""256GB""}]}, {""group"": ""Lainnya"", ""items"": [{""label"": ""Unggulan"", ""value"": ""Baterai besar 6000mAh dengan pengisian cepat 33W""}, {""label"": ""Unggulan"", ""value"": ""Layar imersif 6.9\"" 120Hz""}, {""label"": ""Unggulan"", ""value"": ""Dengan pengisian daya cepat 33 W""}]}]","[{""icon"": ""star"", ""label"": ""Unggulan"", ""value"": ""Baterai besar 6000mAh dengan pengisian cepat 33W""}, {""icon"": ""star"", ""label"": ""Unggulan"", ""value"": ""Layar imersif 6.9\"" 120Hz""}, {""icon"": ""star"", ""label"": ""Unggulan"", ""value"": ""Dengan pengisian daya cepat 33 W""}]",,Garansi Resmi,Fullset,[],2026-07-10T11:14:59.740Z,poco-c85-green-8gb256gb,Green,#add0d6,8GB+256GB,2449000,,habis,27853,Green,7,"https://i02.appmifile.com/803_item_id/01/09/2025/4e159fb3a71f4967a888d8a25ce50660.png, https://i02.appmifile.com/790_item_id/01/09/2025/5c59dc80ffac1e38c2436a7b9068652d.png, https://i02.appmifile.com/494_item_id/01/09/2025/e319acb9e34773e50bdade706e5ad275.png, https://i02.appmifile.com/596_item_id/01/09/2025/ac206c6ef151253c049d4a2bd36c24db.png, https://i02.appmifile.com/89_item_id/01/09/2025/89e980dec57a9d9caaa8d73c8a534857.png, https://i02.appmifile.com/800_item_id/01/09/2025/a87c07c320dfe9f1cb3a89f056a075aa.png, https://i02.appmifile.com/98_item_id/01/09/2025/4f4083b352fb55b957451fb54e3e0a88.png",https://www.mi.co.id/id/product/poco-c85/
poco-c85,POCO,POCO C85,baru,"8GB/256GB · Baterai besar 6000mAh dengan pengisian cepat 33W · Layar imersif 6.9"" 120Hz · Dengan pengisian daya cepat 33 W","[{""group"": ""Dapur Pacu"", ""items"": [{""label"": ""RAM"", ""value"": ""8GB""}, {""label"": ""Penyimpanan"", ""value"": ""256GB""}]}, {""group"": ""Lainnya"", ""items"": [{""label"": ""Unggulan"", ""value"": ""Baterai besar 6000mAh dengan pengisian cepat 33W""}, {""label"": ""Unggulan"", ""value"": ""Layar imersif 6.9\"" 120Hz""}, {""label"": ""Unggulan"", ""value"": ""Dengan pengisian daya cepat 33 W""}]}]","[{""icon"": ""star"", ""label"": ""Unggulan"", ""value"": ""Baterai besar 6000mAh dengan pengisian cepat 33W""}, {""icon"": ""star"", ""label"": ""Unggulan"", ""value"": ""Layar imersif 6.9\"" 120Hz""}, {""icon"": ""star"", ""label"": ""Unggulan"", ""value"": ""Dengan pengisian daya cepat 33 W""}]",,Garansi Resmi,Fullset,[],2026-07-10T11:14:59.740Z,poco-c85-purple-8gb256gb,Purple,#a1abda,8GB+256GB,2449000,,habis,27853,Purple,7,"https://i02.appmifile.com/250_item_id/01/09/2025/7e587c08b9d0d7badf0b4689275b59f7.png, https://i02.appmifile.com/921_item_id/01/09/2025/8d917ff33c724d21aea2f4e5ec5aca96.png, https://i02.appmifile.com/729_item_id/01/09/2025/9eff450f9fbe2f7194609d4d6619dd0d.png, https://i02.appmifile.com/916_item_id/01/09/2025/af70539a6f521c719122e7b63b824dd1.png, https://i02.appmifile.com/186_item_id/01/09/2025/227e8c63d995194a3a9083dff2b6e950.png, https://i02.appmifile.com/648_item_id/01/09/2025/f81d3cb7730d60d1341cabc90fe49bf4.png, https://i02.appmifile.com/98_item_id/01/09/2025/4f4083b352fb55b957451fb54e3e0a88.png",https://www.mi.co.id/id/product/poco-c85/
poco-c71,POCO,POCO C71,baru,"4GB/128GB · Performa Cadas · Layar Cadas 6.88"" 120Hz · Baterai Cadas 5200mAh","[{""group"": ""Dapur Pacu"", ""items"": [{""label"": ""RAM"", ""value"": ""4GB""}, {""label"": ""Penyimpanan"", ""value"": ""128GB""}]}, {""group"": ""Lainnya"", ""items"": [{""label"": ""Unggulan"", ""value"": ""Performa Cadas""}, {""label"": ""Unggulan"", ""value"": ""Layar Cadas 6.88\"" 120Hz""}, {""label"": ""Unggulan"", ""value"": ""Baterai Cadas 5200mAh""}]}]","[{""icon"": ""star"", ""label"": ""Unggulan"", ""value"": ""Performa Cadas""}, {""icon"": ""star"", ""label"": ""Unggulan"", ""value"": ""Layar Cadas 6.88\"" 120Hz""}, {""icon"": ""star"", ""label"": ""Unggulan"", ""value"": ""Baterai Cadas 5200mAh""}]",,Garansi Resmi,Fullset,[],2026-07-10T11:14:59.740Z,poco-c71-black-4gb128gb,Black,#000000,4GB+128GB,1799000,,ready,24845,Black,2,"https://i02.appmifile.com/644_item_id/06/05/2025/65dc80c21fb2d25708377d6b03033910.png, https://i02.appmifile.com/504_item_id/06/05/2025/9f55055a487ae1d123af66659bf08820.png",https://www.mi.co.id/id/product/poco-c71/
poco-c71,POCO,POCO C71,baru,"4GB/128GB · Performa Cadas · Layar Cadas 6.88"" 120Hz · Baterai Cadas 5200mAh","[{""group"": ""Dapur Pacu"", ""items"": [{""label"": ""RAM"", ""value"": ""4GB""}, {""label"": ""Penyimpanan"", ""value"": ""128GB""}]}, {""group"": ""Lainnya"", ""items"": [{""label"": ""Unggulan"", ""value"": ""Performa Cadas""}, {""label"": ""Unggulan"", ""value"": ""Layar Cadas 6.88\"" 120Hz""}, {""label"": ""Unggulan"", ""value"": ""Baterai Cadas 5200mAh""}]}]","[{""icon"": ""star"", ""label"": ""Unggulan"", ""value"": ""Performa Cadas""}, {""icon"": ""star"", ""label"": ""Unggulan"", ""value"": ""Layar Cadas 6.88\"" 120Hz""}, {""icon"": ""star"", ""label"": ""Unggulan"", ""value"": ""Baterai Cadas 5200mAh""}]",,Garansi Resmi,Fullset,[],2026-07-10T11:14:59.740Z,poco-c71-gold-4gb128gb,Gold,#bdb59c,4GB+128GB,1799000,,ready,24845,Gold,2,"https://i02.appmifile.com/112_item_id/06/05/2025/ab3b4564ca63750bc44f3f8f15dfaf61.png, https://i02.appmifile.com/504_item_id/06/05/2025/9f55055a487ae1d123af66659bf08820.png",https://www.mi.co.id/id/product/poco-c71/
poco-c71,POCO,POCO C71,baru,"4GB/128GB · Performa Cadas · Layar Cadas 6.88"" 120Hz · Baterai Cadas 5200mAh","[{""group"": ""Dapur Pacu"", ""items"": [{""label"": ""RAM"", ""value"": ""4GB""}, {""label"": ""Penyimpanan"", ""value"": ""128GB""}]}, {""group"": ""Lainnya"", ""items"": [{""label"": ""Unggulan"", ""value"": ""Performa Cadas""}, {""label"": ""Unggulan"", ""value"": ""Layar Cadas 6.88\"" 120Hz""}, {""label"": ""Unggulan"", ""value"": ""Baterai Cadas 5200mAh""}]}]","[{""icon"": ""star"", ""label"": ""Unggulan"", ""value"": ""Performa Cadas""}, {""icon"": ""star"", ""label"": ""Unggulan"", ""value"": ""Layar Cadas 6.88\"" 120Hz""}, {""icon"": ""star"", ""label"": ""Unggulan"", ""value"": ""Baterai Cadas 5200mAh""}]",,Garansi Resmi,Fullset,[],2026-07-10T11:14:59.740Z,poco-c71-blue-4gb128gb,Blue,#8cadbd,4GB+128GB,1799000,,habis,24845,Blue,2,"https://i02.appmifile.com/438_item_id/06/05/2025/55250152a5014260d13a4197b20b44ac.png, https://i02.appmifile.com/504_item_id/06/05/2025/9f55055a487ae1d123af66659bf08820.png",https://www.mi.co.id/id/product/poco-c71/
poco-f7-ultra,POCO,POCO F7 Ultra,baru,12GB/256GB · Flagship Snapdragon® 8 Elite · VisionBoost D7 Chipset · 120W wired and 50W wireless HyperCharge,"[{""group"": ""Dapur Pacu"", ""items"": [{""label"": ""RAM"", ""value"": ""12GB""}, {""label"": ""Penyimpanan"", ""value"": ""256GB""}]}, {""group"": ""Lainnya"", ""items"": [{""label"": ""Unggulan"", ""value"": ""Flagship Snapdragon® 8 Elite""}, {""label"": ""Unggulan"", ""value"": ""VisionBoost D7 Chipset""}, {""label"": ""Unggulan"", ""value"": ""120W wired and 50W wireless HyperCharge""}]}]","[{""icon"": ""star"", ""label"": ""Unggulan"", ""value"": ""Flagship Snapdragon® 8 Elite""}, {""icon"": ""star"", ""label"": ""Unggulan"", ""value"": ""VisionBoost D7 Chipset""}, {""icon"": ""star"", ""label"": ""Unggulan"", ""value"": ""120W wired and 50W wireless HyperCharge""}]",,Garansi Resmi,Fullset,[],2026-07-10T11:14:59.740Z,poco-f7-ultra-black-12gb256gb,Black,#000000,12GB+256GB,8999000,9999000,ready,24345,Black,2,"https://i02.appmifile.com/197_item_id/08/04/2025/508a2e29434ca7ee700a292c847f9bae.png, https://i02.appmifile.com/303_item_id/08/04/2025/41110fef9562a10707db6ec4994d7703.png",https://www.mi.co.id/id/product/poco-f7-ultra/
poco-f7-ultra,POCO,POCO F7 Ultra,baru,12GB/256GB · Flagship Snapdragon® 8 Elite · VisionBoost D7 Chipset · 120W wired and 50W wireless HyperCharge,"[{""group"": ""Dapur Pacu"", ""items"": [{""label"": ""RAM"", ""value"": ""12GB""}, {""label"": ""Penyimpanan"", ""value"": ""256GB""}]}, {""group"": ""Lainnya"", ""items"": [{""label"": ""Unggulan"", ""value"": ""Flagship Snapdragon® 8 Elite""}, {""label"": ""Unggulan"", ""value"": ""VisionBoost D7 Chipset""}, {""label"": ""Unggulan"", ""value"": ""120W wired and 50W wireless HyperCharge""}]}]","[{""icon"": ""star"", ""label"": ""Unggulan"", ""value"": ""Flagship Snapdragon® 8 Elite""}, {""icon"": ""star"", ""label"": ""Unggulan"", ""value"": ""VisionBoost D7 Chipset""}, {""icon"": ""star"", ""label"": ""Unggulan"", ""value"": ""120W wired and 50W wireless HyperCharge""}]",,Garansi Resmi,Fullset,[],2026-07-10T11:14:59.740Z,poco-f7-ultra-yellow-12gb256gb,Yellow,#f0d163,12GB+256GB,8999000,9999000,ready,24345,Yellow,2,"https://i02.appmifile.com/872_item_id/08/04/2025/6022742c9d5df8aabdc3e73d1060cccf.png, https://i02.appmifile.com/303_item_id/08/04/2025/41110fef9562a10707db6ec4994d7703.png",https://www.mi.co.id/id/product/poco-f7-ultra/
poco-f7-ultra,POCO,POCO F7 Ultra,baru,16GB/512GB · Flagship Snapdragon® 8 Elite · VisionBoost D7 Chipset · 120W wired and 50W wireless HyperCharge,"[{""group"": ""Dapur Pacu"", ""items"": [{""label"": ""RAM"", ""value"": ""16GB""}, {""label"": ""Penyimpanan"", ""value"": ""512GB""}]}, {""group"": ""Lainnya"", ""items"": [{""label"": ""Unggulan"", ""value"": ""Flagship Snapdragon® 8 Elite""}, {""label"": ""Unggulan"", ""value"": ""VisionBoost D7 Chipset""}, {""label"": ""Unggulan"", ""value"": ""120W wired and 50W wireless HyperCharge""}]}]","[{""icon"": ""star"", ""label"": ""Unggulan"", ""value"": ""Flagship Snapdragon® 8 Elite""}, {""icon"": ""star"", ""label"": ""Unggulan"", ""value"": ""VisionBoost D7 Chipset""}, {""icon"": ""star"", ""label"": ""Unggulan"", ""value"": ""120W wired and 50W wireless HyperCharge""}]",,Garansi Resmi,Fullset,[],2026-07-10T11:14:59.740Z,poco-f7-ultra-black-16gb512gb,Black,#000000,16GB+512GB,9999000,10999000,ready,24345,Black,2,"https://i02.appmifile.com/197_item_id/08/04/2025/508a2e29434ca7ee700a292c847f9bae.png, https://i02.appmifile.com/303_item_id/08/04/2025/41110fef9562a10707db6ec4994d7703.png",https://www.mi.co.id/id/product/poco-f7-ultra/
poco-f7-ultra,POCO,POCO F7 Ultra,baru,16GB/512GB · Flagship Snapdragon® 8 Elite · VisionBoost D7 Chipset · 120W wired and 50W wireless HyperCharge,"[{""group"": ""Dapur Pacu"", ""items"": [{""label"": ""RAM"", ""value"": ""16GB""}, {""label"": ""Penyimpanan"", ""value"": ""512GB""}]}, {""group"": ""Lainnya"", ""items"": [{""label"": ""Unggulan"", ""value"": ""Flagship Snapdragon® 8 Elite""}, {""label"": ""Unggulan"", ""value"": ""VisionBoost D7 Chipset""}, {""label"": ""Unggulan"", ""value"": ""120W wired and 50W wireless HyperCharge""}]}]","[{""icon"": ""star"", ""label"": ""Unggulan"", ""value"": ""Flagship Snapdragon® 8 Elite""}, {""icon"": ""star"", ""label"": ""Unggulan"", ""value"": ""VisionBoost D7 Chipset""}, {""icon"": ""star"", ""label"": ""Unggulan"", ""value"": ""120W wired and 50W wireless HyperCharge""}]",,Garansi Resmi,Fullset,[],2026-07-10T11:14:59.740Z,poco-f7-ultra-yellow-16gb512gb,Yellow,#f0d163,16GB+512GB,9999000,10999000,ready,24345,Yellow,2,"https://i02.appmifile.com/872_item_id/08/04/2025/6022742c9d5df8aabdc3e73d1060cccf.png, https://i02.appmifile.com/303_item_id/08/04/2025/41110fef9562a10707db6ec4994d7703.png",https://www.mi.co.id/id/product/poco-f7-ultra/
poco-m7-pro-5g,POCO,POCO M7 Pro 5G,baru,8GB/256GB · Powerful Dimensity 7025-Ultra · 120Hz FHD+ eye-care AMOLED display · Clear 50MP Sony camera with OIS,"[{""group"": ""Dapur Pacu"", ""items"": [{""label"": ""RAM"", ""value"": ""8GB""}, {""label"": ""Penyimpanan"", ""value"": ""256GB""}]}, {""group"": ""Lainnya"", ""items"": [{""label"": ""Unggulan"", ""value"": ""Powerful Dimensity 7025-Ultra""}, {""label"": ""Unggulan"", ""value"": ""120Hz FHD+ eye-care AMOLED display""}, {""label"": ""Unggulan"", ""value"": ""Clear 50MP Sony camera with OIS""}]}]","[{""icon"": ""star"", ""label"": ""Unggulan"", ""value"": ""Powerful Dimensity 7025-Ultra""}, {""icon"": ""star"", ""label"": ""Unggulan"", ""value"": ""120Hz FHD+ eye-care AMOLED display""}, {""icon"": ""star"", ""label"": ""Unggulan"", ""value"": ""Clear 50MP Sony camera with OIS""}]",,Garansi Resmi,Fullset,[],2026-07-10T11:14:59.740Z,poco-m7-pro-5g-silver-8gb256gb,Silver,#c7cacf,8GB+256GB,3399000,,ready,24294,Silver,1,https://i02.appmifile.com/369_item_id/03/04/2025/92c6f95ab6e2374b42e7145e79c091a1.png,https://www.mi.co.id/id/product/poco-m7-pro-5g/
poco-m7-pro-5g,POCO,POCO M7 Pro 5G,baru,8GB/256GB · Powerful Dimensity 7025-Ultra · 120Hz FHD+ eye-care AMOLED display · Clear 50MP Sony camera with OIS,"[{""group"": ""Dapur Pacu"", ""items"": [{""label"": ""RAM"", ""value"": ""8GB""}, {""label"": ""Penyimpanan"", ""value"": ""256GB""}]}, {""group"": ""Lainnya"", ""items"": [{""label"": ""Unggulan"", ""value"": ""Powerful Dimensity 7025-Ultra""}, {""label"": ""Unggulan"", ""value"": ""120Hz FHD+ eye-care AMOLED display""}, {""label"": ""Unggulan"", ""value"": ""Clear 50MP Sony camera with OIS""}]}]","[{""icon"": ""star"", ""label"": ""Unggulan"", ""value"": ""Powerful Dimensity 7025-Ultra""}, {""icon"": ""star"", ""label"": ""Unggulan"", ""value"": ""120Hz FHD+ eye-care AMOLED display""}, {""icon"": ""star"", ""label"": ""Unggulan"", ""value"": ""Clear 50MP Sony camera with OIS""}]",,Garansi Resmi,Fullset,[],2026-07-10T11:14:59.740Z,poco-m7-pro-5g-black-8gb256gb,Black,#000000,8GB+256GB,3399000,,habis,24294,Black,1,https://i02.appmifile.com/299_item_id/15/07/2025/584c08d1e2ec11f4aaf10f13758aab12.png,https://www.mi.co.id/id/product/poco-m7-pro-5g/
poco-m7-pro-5g,POCO,POCO M7 Pro 5G,baru,8GB/256GB · Powerful Dimensity 7025-Ultra · 120Hz FHD+ eye-care AMOLED display · Clear 50MP Sony camera with OIS,"[{""group"": ""Dapur Pacu"", ""items"": [{""label"": ""RAM"", ""value"": ""8GB""}, {""label"": ""Penyimpanan"", ""value"": ""256GB""}]}, {""group"": ""Lainnya"", ""items"": [{""label"": ""Unggulan"", ""value"": ""Powerful Dimensity 7025-Ultra""}, {""label"": ""Unggulan"", ""value"": ""120Hz FHD+ eye-care AMOLED display""}, {""label"": ""Unggulan"", ""value"": ""Clear 50MP Sony camera with OIS""}]}]","[{""icon"": ""star"", ""label"": ""Unggulan"", ""value"": ""Powerful Dimensity 7025-Ultra""}, {""icon"": ""star"", ""label"": ""Unggulan"", ""value"": ""120Hz FHD+ eye-care AMOLED display""}, {""icon"": ""star"", ""label"": ""Unggulan"", ""value"": ""Clear 50MP Sony camera with OIS""}]",,Garansi Resmi,Fullset,[],2026-07-10T11:14:59.740Z,poco-m7-pro-5g-green-8gb256gb,Green,#839784,8GB+256GB,3399000,,habis,24294,Green,1,https://i02.appmifile.com/143_item_id/11/04/2025/ee89c529d8f03870ba2cd820d60e0f1e.png,https://www.mi.co.id/id/product/poco-m7-pro-5g/
poco-x7-5g,POCO,POCO X7 5G,baru,12GB/512GB · Powerful Dimensity 7300-Ultra · CrystalRes 1.5K 120Hz AMOLED curved display · 50MP main camera with OIS,"[{""group"": ""Dapur Pacu"", ""items"": [{""label"": ""RAM"", ""value"": ""12GB""}, {""label"": ""Penyimpanan"", ""value"": ""512GB""}]}, {""group"": ""Lainnya"", ""items"": [{""label"": ""Unggulan"", ""value"": ""Powerful Dimensity 7300-Ultra""}, {""label"": ""Unggulan"", ""value"": ""CrystalRes 1.5K 120Hz AMOLED curved display""}, {""label"": ""Unggulan"", ""value"": ""50MP main camera with OIS""}]}]","[{""icon"": ""star"", ""label"": ""Unggulan"", ""value"": ""Powerful Dimensity 7300-Ultra""}, {""icon"": ""star"", ""label"": ""Unggulan"", ""value"": ""CrystalRes 1.5K 120Hz AMOLED curved display""}, {""icon"": ""star"", ""label"": ""Unggulan"", ""value"": ""50MP main camera with OIS""}]",,Garansi Resmi,Fullset,[],2026-07-10T11:14:59.740Z,poco-x7-5g-silver-12gb512gb,Silver,#c7cacf,12GB+512GB,4399000,,ready,22862,Silver,1,https://i02.appmifile.com/174_item_id/12/02/2025/a3cacbd88b8d1cf1578c2e02ebf9728d.png,https://www.mi.co.id/id/product/poco-x7/
poco-x7-5g,POCO,POCO X7 5G,baru,12GB/512GB · Powerful Dimensity 7300-Ultra · CrystalRes 1.5K 120Hz AMOLED curved display · 50MP main camera with OIS,"[{""group"": ""Dapur Pacu"", ""items"": [{""label"": ""RAM"", ""value"": ""12GB""}, {""label"": ""Penyimpanan"", ""value"": ""512GB""}]}, {""group"": ""Lainnya"", ""items"": [{""label"": ""Unggulan"", ""value"": ""Powerful Dimensity 7300-Ultra""}, {""label"": ""Unggulan"", ""value"": ""CrystalRes 1.5K 120Hz AMOLED curved display""}, {""label"": ""Unggulan"", ""value"": ""50MP main camera with OIS""}]}]","[{""icon"": ""star"", ""label"": ""Unggulan"", ""value"": ""Powerful Dimensity 7300-Ultra""}, {""icon"": ""star"", ""label"": ""Unggulan"", ""value"": ""CrystalRes 1.5K 120Hz AMOLED curved display""}, {""icon"": ""star"", ""label"": ""Unggulan"", ""value"": ""50MP main camera with OIS""}]",,Garansi Resmi,Fullset,[],2026-07-10T11:14:59.740Z,poco-x7-5g-green-12gb512gb,Green,#a8c5b3,12GB+512GB,4399000,,ready,22862,Green,1,https://i02.appmifile.com/626_item_id/12/02/2025/1860271af325f24b115d78c2a998587d.png,https://www.mi.co.id/id/product/poco-x7/
poco-x7-5g,POCO,POCO X7 5G,baru,8GB/256GB · Powerful Dimensity 7300-Ultra · CrystalRes 1.5K 120Hz AMOLED curved display · 50MP main camera with OIS,"[{""group"": ""Dapur Pacu"", ""items"": [{""label"": ""RAM"", ""value"": ""8GB""}, {""label"": ""Penyimpanan"", ""value"": ""256GB""}]}, {""group"": ""Lainnya"", ""items"": [{""label"": ""Unggulan"", ""value"": ""Powerful Dimensity 7300-Ultra""}, {""label"": ""Unggulan"", ""value"": ""CrystalRes 1.5K 120Hz AMOLED curved display""}, {""label"": ""Unggulan"", ""value"": ""50MP main camera with OIS""}]}]","[{""icon"": ""star"", ""label"": ""Unggulan"", ""value"": ""Powerful Dimensity 7300-Ultra""}, {""icon"": ""star"", ""label"": ""Unggulan"", ""value"": ""CrystalRes 1.5K 120Hz AMOLED curved display""}, {""icon"": ""star"", ""label"": ""Unggulan"", ""value"": ""50MP main camera with OIS""}]",,Garansi Resmi,Fullset,[],2026-07-10T11:14:59.740Z,poco-x7-5g-silver-8gb256gb,Silver,#c7cacf,8GB+256GB,3799000,,habis,22862,Silver,1,https://i02.appmifile.com/174_item_id/12/02/2025/a3cacbd88b8d1cf1578c2e02ebf9728d.png,https://www.mi.co.id/id/product/poco-x7/
poco-x7-5g,POCO,POCO X7 5G,baru,8GB/256GB · Powerful Dimensity 7300-Ultra · CrystalRes 1.5K 120Hz AMOLED curved display · 50MP main camera with OIS,"[{""group"": ""Dapur Pacu"", ""items"": [{""label"": ""RAM"", ""value"": ""8GB""}, {""label"": ""Penyimpanan"", ""value"": ""256GB""}]}, {""group"": ""Lainnya"", ""items"": [{""label"": ""Unggulan"", ""value"": ""Powerful Dimensity 7300-Ultra""}, {""label"": ""Unggulan"", ""value"": ""CrystalRes 1.5K 120Hz AMOLED curved display""}, {""label"": ""Unggulan"", ""value"": ""50MP main camera with OIS""}]}]","[{""icon"": ""star"", ""label"": ""Unggulan"", ""value"": ""Powerful Dimensity 7300-Ultra""}, {""icon"": ""star"", ""label"": ""Unggulan"", ""value"": ""CrystalRes 1.5K 120Hz AMOLED curved display""}, {""icon"": ""star"", ""label"": ""Unggulan"", ""value"": ""50MP main camera with OIS""}]",,Garansi Resmi,Fullset,[],2026-07-10T11:14:59.740Z,poco-x7-5g-green-8gb256gb,Green,#a8c5b3,8GB+256GB,3799000,,habis,22862,Green,1,https://i02.appmifile.com/626_item_id/12/02/2025/1860271af325f24b115d78c2a998587d.png,https://www.mi.co.id/id/product/poco-x7/
poco-f8-ultra,POCO,POCO F8 Ultra,baru,16GB/512GB · Snapdragon® 8 Elite Gen 5 · Baterai besar 6500mAh (typ) · 100W wired and 50W wireless HyperCharge,"[{""group"": ""Dapur Pacu"", ""items"": [{""label"": ""RAM"", ""value"": ""16GB""}, {""label"": ""Penyimpanan"", ""value"": ""512GB""}]}, {""group"": ""Lainnya"", ""items"": [{""label"": ""Unggulan"", ""value"": ""Snapdragon® 8 Elite Gen 5""}, {""label"": ""Unggulan"", ""value"": ""Baterai besar 6500mAh (typ)""}, {""label"": ""Unggulan"", ""value"": ""100W wired and 50W wireless HyperCharge""}]}]","[{""icon"": ""star"", ""label"": ""Unggulan"", ""value"": ""Snapdragon® 8 Elite Gen 5""}, {""icon"": ""star"", ""label"": ""Unggulan"", ""value"": ""Baterai besar 6500mAh (typ)""}, {""icon"": ""star"", ""label"": ""Unggulan"", ""value"": ""100W wired and 50W wireless HyperCharge""}]",,Garansi Resmi,Fullset,[],2026-07-10T11:14:59.740Z,poco-f8-ultra-denim-blue-16gb512gb,Denim Blue,#526983,16GB+512GB,12999000,,habis,30320,Denim Blue,7,"https://i02.appmifile.com/862_item_id/05/01/2026/08d83581d98801c7689b6b2e4503e49c.png, https://i02.appmifile.com/684_item_id/05/01/2026/7f598c7685f7d728b55fc2860a79da88.png, https://i02.appmifile.com/342_item_id/05/01/2026/949465d6c4a0c26c17a1eb321c60ce3d.png, https://i02.appmifile.com/765_item_id/05/01/2026/5f6be6700961098237ff24b90e4d5774.png, https://i02.appmifile.com/503_item_id/05/01/2026/c8258431e941f0da73e5c3914e9274cf.png, https://i02.appmifile.com/293_item_id/05/01/2026/996692c9b12003b0f1ababb40aadce5c.png, https://i02.appmifile.com/487_item_id/05/01/2026/b8403374a8b5ec2c1375c6e2b29f1693.png",https://www.mi.co.id/id/product/poco-f8-ultra/
poco-f8-ultra,POCO,POCO F8 Ultra,baru,16GB/512GB · Snapdragon® 8 Elite Gen 5 · Baterai besar 6500mAh (typ) · 100W wired and 50W wireless HyperCharge,"[{""group"": ""Dapur Pacu"", ""items"": [{""label"": ""RAM"", ""value"": ""16GB""}, {""label"": ""Penyimpanan"", ""value"": ""512GB""}]}, {""group"": ""Lainnya"", ""items"": [{""label"": ""Unggulan"", ""value"": ""Snapdragon® 8 Elite Gen 5""}, {""label"": ""Unggulan"", ""value"": ""Baterai besar 6500mAh (typ)""}, {""label"": ""Unggulan"", ""value"": ""100W wired and 50W wireless HyperCharge""}]}]","[{""icon"": ""star"", ""label"": ""Unggulan"", ""value"": ""Snapdragon® 8 Elite Gen 5""}, {""icon"": ""star"", ""label"": ""Unggulan"", ""value"": ""Baterai besar 6500mAh (typ)""}, {""icon"": ""star"", ""label"": ""Unggulan"", ""value"": ""100W wired and 50W wireless HyperCharge""}]",,Garansi Resmi,Fullset,[],2026-07-10T11:14:59.740Z,poco-f8-ultra-black-16gb512gb,Black,#000000,16GB+512GB,12999000,,habis,30320,Black,7,"https://i02.appmifile.com/903_item_id/05/01/2026/44df0d3f832d13702a3db5698f3d60bb.png, https://i02.appmifile.com/927_item_id/05/01/2026/d1727a48921b04123ad83ccb15594c2e.png, https://i02.appmifile.com/615_item_id/05/01/2026/eb6a5577825ba313b346a7d73457b2a9.png, https://i02.appmifile.com/135_item_id/05/01/2026/4e437d5a172fd35978346c83b43d2be3.png, https://i02.appmifile.com/789_item_id/05/01/2026/b2f151cf7dfcc8a995874abcd789595e.png, https://i02.appmifile.com/957_item_id/05/01/2026/b5720229912498c3b7aed3893772ca82.png, https://i02.appmifile.com/487_item_id/05/01/2026/b8403374a8b5ec2c1375c6e2b29f1693.png",https://www.mi.co.id/id/product/poco-f8-ultra/
poco-f7,POCO,POCO F7,baru,"12GB/512GB · Flagship Snapdragon® 8s Gen 4 · Massive 6500mAh (typ) battery · 6.83"" 1.5K 120Hz AMOLED display","[{""group"": ""Dapur Pacu"", ""items"": [{""label"": ""RAM"", ""value"": ""12GB""}, {""label"": ""Penyimpanan"", ""value"": ""512GB""}]}, {""group"": ""Lainnya"", ""items"": [{""label"": ""Unggulan"", ""value"": ""Flagship Snapdragon® 8s Gen 4""}, {""label"": ""Unggulan"", ""value"": ""Massive 6500mAh (typ) battery""}, {""label"": ""Unggulan"", ""value"": ""6.83\"" 1.5K 120Hz AMOLED display""}]}]","[{""icon"": ""star"", ""label"": ""Unggulan"", ""value"": ""Flagship Snapdragon® 8s Gen 4""}, {""icon"": ""star"", ""label"": ""Unggulan"", ""value"": ""Massive 6500mAh (typ) battery""}, {""icon"": ""star"", ""label"": ""Unggulan"", ""value"": ""6.83\"" 1.5K 120Hz AMOLED display""}]",,Garansi Resmi,Fullset,[],2026-07-10T11:14:59.740Z,poco-f7-black-12gb512gb,Black,#000000,12GB+512GB,5999000,,habis,25943,Black,2,"https://i02.appmifile.com/448_item_id/17/06/2025/95ff821619d87d74d0d7934bcd2f214b.png, https://i02.appmifile.com/945_item_id/17/06/2025/2de07546a39e6fa3d510d7ea46d43f1a.png",https://www.mi.co.id/id/product/poco-f7/
poco-f7,POCO,POCO F7,baru,"12GB/512GB · Flagship Snapdragon® 8s Gen 4 · Massive 6500mAh (typ) battery · 6.83"" 1.5K 120Hz AMOLED display","[{""group"": ""Dapur Pacu"", ""items"": [{""label"": ""RAM"", ""value"": ""12GB""}, {""label"": ""Penyimpanan"", ""value"": ""512GB""}]}, {""group"": ""Lainnya"", ""items"": [{""label"": ""Unggulan"", ""value"": ""Flagship Snapdragon® 8s Gen 4""}, {""label"": ""Unggulan"", ""value"": ""Massive 6500mAh (typ) battery""}, {""label"": ""Unggulan"", ""value"": ""6.83\"" 1.5K 120Hz AMOLED display""}]}]","[{""icon"": ""star"", ""label"": ""Unggulan"", ""value"": ""Flagship Snapdragon® 8s Gen 4""}, {""icon"": ""star"", ""label"": ""Unggulan"", ""value"": ""Massive 6500mAh (typ) battery""}, {""icon"": ""star"", ""label"": ""Unggulan"", ""value"": ""6.83\"" 1.5K 120Hz AMOLED display""}]",,Garansi Resmi,Fullset,[],2026-07-10T11:14:59.740Z,poco-f7-white-12gb512gb,White,#FFFFFF,12GB+512GB,5999000,,habis,25943,White,2,"https://i02.appmifile.com/658_item_id/17/06/2025/c4ecf13e1393dca2563d520f42d56baf.png, https://i02.appmifile.com/945_item_id/17/06/2025/2de07546a39e6fa3d510d7ea46d43f1a.png",https://www.mi.co.id/id/product/poco-f7/
poco-f7,POCO,POCO F7,baru,"12GB/512GB · Flagship Snapdragon® 8s Gen 4 · Massive 6500mAh (typ) battery · 6.83"" 1.5K 120Hz AMOLED display","[{""group"": ""Dapur Pacu"", ""items"": [{""label"": ""RAM"", ""value"": ""12GB""}, {""label"": ""Penyimpanan"", ""value"": ""512GB""}]}, {""group"": ""Lainnya"", ""items"": [{""label"": ""Unggulan"", ""value"": ""Flagship Snapdragon® 8s Gen 4""}, {""label"": ""Unggulan"", ""value"": ""Massive 6500mAh (typ) battery""}, {""label"": ""Unggulan"", ""value"": ""6.83\"" 1.5K 120Hz AMOLED display""}]}]","[{""icon"": ""star"", ""label"": ""Unggulan"", ""value"": ""Flagship Snapdragon® 8s Gen 4""}, {""icon"": ""star"", ""label"": ""Unggulan"", ""value"": ""Massive 6500mAh (typ) battery""}, {""icon"": ""star"", ""label"": ""Unggulan"", ""value"": ""6.83\"" 1.5K 120Hz AMOLED display""}]",,Garansi Resmi,Fullset,[],2026-07-10T11:14:59.740Z,poco-f7-silver-12gb512gb,Silver,#c7cacf,12GB+512GB,5999000,,habis,25943,Silver,2,"https://i02.appmifile.com/246_item_id/17/06/2025/2ea5d6b8004cfce6857ef070aab2b74f.png, https://i02.appmifile.com/945_item_id/17/06/2025/2de07546a39e6fa3d510d7ea46d43f1a.png",https://www.mi.co.id/id/product/poco-f7/
poco-f7-pro,POCO,POCO F7 Pro,baru,12GB/512GB · Flagship Snapdragon® 8 Gen 3 · Massive 6000mAh (typ) battery · 2K 120Hz Flow AMOLED display,"[{""group"": ""Dapur Pacu"", ""items"": [{""label"": ""RAM"", ""value"": ""12GB""}, {""label"": ""Penyimpanan"", ""value"": ""512GB""}]}, {""group"": ""Lainnya"", ""items"": [{""label"": ""Unggulan"", ""value"": ""Flagship Snapdragon® 8 Gen 3""}, {""label"": ""Unggulan"", ""value"": ""Massive 6000mAh (typ) battery""}, {""label"": ""Unggulan"", ""value"": ""2K 120Hz Flow AMOLED display""}]}]","[{""icon"": ""star"", ""label"": ""Unggulan"", ""value"": ""Flagship Snapdragon® 8 Gen 3""}, {""icon"": ""star"", ""label"": ""Unggulan"", ""value"": ""Massive 6000mAh (typ) battery""}, {""icon"": ""star"", ""label"": ""Unggulan"", ""value"": ""2K 120Hz Flow AMOLED display""}]",,Garansi Resmi,Fullset,[],2026-07-10T11:14:59.740Z,poco-f7-pro-black-12gb512gb,Black,#000000,12GB+512GB,7499000,,habis,24343,Black,2,"https://i02.appmifile.com/999_item_id/08/04/2025/9e70a443a722ad44e48442c0b600791d.png, https://i02.appmifile.com/893_item_id/08/04/2025/2e9a30b06caf020321ee34ff3ca6631f.png",https://www.mi.co.id/id/product/poco-f7-pro/
poco-f7-pro,POCO,POCO F7 Pro,baru,12GB/512GB · Flagship Snapdragon® 8 Gen 3 · Massive 6000mAh (typ) battery · 2K 120Hz Flow AMOLED display,"[{""group"": ""Dapur Pacu"", ""items"": [{""label"": ""RAM"", ""value"": ""12GB""}, {""label"": ""Penyimpanan"", ""value"": ""512GB""}]}, {""group"": ""Lainnya"", ""items"": [{""label"": ""Unggulan"", ""value"": ""Flagship Snapdragon® 8 Gen 3""}, {""label"": ""Unggulan"", ""value"": ""Massive 6000mAh (typ) battery""}, {""label"": ""Unggulan"", ""value"": ""2K 120Hz Flow AMOLED display""}]}]","[{""icon"": ""star"", ""label"": ""Unggulan"", ""value"": ""Flagship Snapdragon® 8 Gen 3""}, {""icon"": ""star"", ""label"": ""Unggulan"", ""value"": ""Massive 6000mAh (typ) battery""}, {""icon"": ""star"", ""label"": ""Unggulan"", ""value"": ""2K 120Hz Flow AMOLED display""}]",,Garansi Resmi,Fullset,[],2026-07-10T11:14:59.740Z,poco-f7-pro-silver-12gb512gb,Silver,#c7cacf,12GB+512GB,7499000,,habis,24343,Silver,2,"https://i02.appmifile.com/645_item_id/08/04/2025/e6e985c6ae829224881127cf9ac969f9.png, https://i02.appmifile.com/893_item_id/08/04/2025/2e9a30b06caf020321ee34ff3ca6631f.png",https://www.mi.co.id/id/product/poco-f7-pro/
poco-f7-pro,POCO,POCO F7 Pro,baru,12GB/512GB · Flagship Snapdragon® 8 Gen 3 · Massive 6000mAh (typ) battery · 2K 120Hz Flow AMOLED display,"[{""group"": ""Dapur Pacu"", ""items"": [{""label"": ""RAM"", ""value"": ""12GB""}, {""label"": ""Penyimpanan"", ""value"": ""512GB""}]}, {""group"": ""Lainnya"", ""items"": [{""label"": ""Unggulan"", ""value"": ""Flagship Snapdragon® 8 Gen 3""}, {""label"": ""Unggulan"", ""value"": ""Massive 6000mAh (typ) battery""}, {""label"": ""Unggulan"", ""value"": ""2K 120Hz Flow AMOLED display""}]}]","[{""icon"": ""star"", ""label"": ""Unggulan"", ""value"": ""Flagship Snapdragon® 8 Gen 3""}, {""icon"": ""star"", ""label"": ""Unggulan"", ""value"": ""Massive 6000mAh (typ) battery""}, {""icon"": ""star"", ""label"": ""Unggulan"", ""value"": ""2K 120Hz Flow AMOLED display""}]",,Garansi Resmi,Fullset,[],2026-07-10T11:14:59.740Z,poco-f7-pro-blue-12gb512gb,Blue,#c3cadd,12GB+512GB,7499000,,habis,24343,Blue,2,"https://i02.appmifile.com/755_item_id/08/04/2025/11083899ca6efb568a05952a00a58017.png, https://i02.appmifile.com/893_item_id/08/04/2025/2e9a30b06caf020321ee34ff3ca6631f.png",https://www.mi.co.id/id/product/poco-f7-pro/
poco-x7-pro-5g,POCO,POCO X7 Pro 5G,baru,12GB/512GB · Flagship Dimensity 8400-Ultra · 6000mAh (typ) battery with 90W HyperCharge · CrystalRes 1.5K 120Hz AMOLED display,"[{""group"": ""Dapur Pacu"", ""items"": [{""label"": ""RAM"", ""value"": ""12GB""}, {""label"": ""Penyimpanan"", ""value"": ""512GB""}]}, {""group"": ""Lainnya"", ""items"": [{""label"": ""Unggulan"", ""value"": ""Flagship Dimensity 8400-Ultra""}, {""label"": ""Unggulan"", ""value"": ""6000mAh (typ) battery with 90W HyperCharge""}, {""label"": ""Unggulan"", ""value"": ""CrystalRes 1.5K 120Hz AMOLED display""}]}]","[{""icon"": ""star"", ""label"": ""Unggulan"", ""value"": ""Flagship Dimensity 8400-Ultra""}, {""icon"": ""star"", ""label"": ""Unggulan"", ""value"": ""6000mAh (typ) battery with 90W HyperCharge""}, {""icon"": ""star"", ""label"": ""Unggulan"", ""value"": ""CrystalRes 1.5K 120Hz AMOLED display""}]",,Garansi Resmi,Fullset,[],2026-07-10T11:14:59.740Z,poco-x7-pro-5g-black-12gb512gb,Black,#000000,12GB+512GB,5199000,,habis,22863,Black,1,https://i02.appmifile.com/755_item_id/12/02/2025/b27b9211fbbb432229945701ea6116c2.png,https://www.mi.co.id/id/product/poco-x7-pro/
poco-x7-pro-5g,POCO,POCO X7 Pro 5G,baru,12GB/512GB · Flagship Dimensity 8400-Ultra · 6000mAh (typ) battery with 90W HyperCharge · CrystalRes 1.5K 120Hz AMOLED display,"[{""group"": ""Dapur Pacu"", ""items"": [{""label"": ""RAM"", ""value"": ""12GB""}, {""label"": ""Penyimpanan"", ""value"": ""512GB""}]}, {""group"": ""Lainnya"", ""items"": [{""label"": ""Unggulan"", ""value"": ""Flagship Dimensity 8400-Ultra""}, {""label"": ""Unggulan"", ""value"": ""6000mAh (typ) battery with 90W HyperCharge""}, {""label"": ""Unggulan"", ""value"": ""CrystalRes 1.5K 120Hz AMOLED display""}]}]","[{""icon"": ""star"", ""label"": ""Unggulan"", ""value"": ""Flagship Dimensity 8400-Ultra""}, {""icon"": ""star"", ""label"": ""Unggulan"", ""value"": ""6000mAh (typ) battery with 90W HyperCharge""}, {""icon"": ""star"", ""label"": ""Unggulan"", ""value"": ""CrystalRes 1.5K 120Hz AMOLED display""}]",,Garansi Resmi,Fullset,[],2026-07-10T11:14:59.740Z,poco-x7-pro-5g-green-12gb512gb,Green,#a8c5b3,12GB+512GB,5199000,,habis,22863,Green,1,https://i02.appmifile.com/963_item_id/12/02/2025/b5d1ffd3699e89d31bb3686746446959.png,https://www.mi.co.id/id/product/poco-x7-pro/
poco-x7-pro-5g,POCO,POCO X7 Pro 5G,baru,12GB/512GB · Flagship Dimensity 8400-Ultra · 6000mAh (typ) battery with 90W HyperCharge · CrystalRes 1.5K 120Hz AMOLED display,"[{""group"": ""Dapur Pacu"", ""items"": [{""label"": ""RAM"", ""value"": ""12GB""}, {""label"": ""Penyimpanan"", ""value"": ""512GB""}]}, {""group"": ""Lainnya"", ""items"": [{""label"": ""Unggulan"", ""value"": ""Flagship Dimensity 8400-Ultra""}, {""label"": ""Unggulan"", ""value"": ""6000mAh (typ) battery with 90W HyperCharge""}, {""label"": ""Unggulan"", ""value"": ""CrystalRes 1.5K 120Hz AMOLED display""}]}]","[{""icon"": ""star"", ""label"": ""Unggulan"", ""value"": ""Flagship Dimensity 8400-Ultra""}, {""icon"": ""star"", ""label"": ""Unggulan"", ""value"": ""6000mAh (typ) battery with 90W HyperCharge""}, {""icon"": ""star"", ""label"": ""Unggulan"", ""value"": ""CrystalRes 1.5K 120Hz AMOLED display""}]",,Garansi Resmi,Fullset,[],2026-07-10T11:14:59.740Z,poco-x7-pro-5g-iron-man-edition-red-12gb512gb,Iron Man Edition Red,#d42c3b,12GB+512GB,5499000,,habis,22863,Iron Man Edition Red,1,https://i02.appmifile.com/640_item_id/12/02/2025/9026c11b79b6105c245c11cffbd75656.png,https://www.mi.co.id/id/product/poco-x7-pro/
